Message Number;Time [ms];ID;DLC;Data Bytes;CANopen;Node;Index;Subindex;Interpretation
1;140660,000;0x0083;8;[0x00 0x00 0x00 0x01 0x20 0x00 0x00 0x00];EMCY;3;-;-;EMCY eec:0x0, er:0,Error reset or no error
2;140670,000;0x0083;8;[0x00 0x00 0x00 0x01 0x23 0x00 0x00 0x00];EMCY;3;-;-;EMCY eec:0x0, er:0,Error reset or no error
3;140680,000;0x0083;8;[0x20 0x81 0x00 0x06 0x28 0x00 0x00 0x00];EMCY;3;-;-;EMCY eec:0x8120, er:0,CAN in error passive mode
4;140690,000;0x0703;1;[0x7f];ERR_CTRL;3;-;-;Heartbeat: Preoperational
5;140690,000;0x0083;8;[0x00 0x00 0x00 0x12 0x00 0x00 0x00 0x00];EMCY;3;-;-;EMCY eec:0x0, er:0,Error reset or no error
6;140700,000;0x0083;8;[0x00 0x00 0x00 0x06 0x00 0x00 0x00 0x00];EMCY;3;-;-;EMCY eec:0x0, er:0,Error reset or no error
7;140700,000;0x0000;2;[0x82 0x00];NMT;-;-;-;NMT Reset communication all nodes
8;140710,000;0x0083;0;[];EMCY;3;-;-;wrong EMCY with DLC=0
9;140710,000;0x0703;1;[0x00];ERR_CTRL;3;-;-;Heartbeat: Boot-Up (20.0 ms)
10;140710,000;0x0603;8;[0x40 0x00 0x10 0x00 0x00 0x00 0x00 0x00];SDO_R;3;0x1000;0;client: initiate upload request
11;140710,000;0x0583;8;[0x43 0x00 0x10 0x00 0x2d 0x01 0x00 0x00];SDO_T;3;0x1000;0;server: upload response = [0x2d 0x01 0x00 0x00] --> DeviceType: Device Profile Number = 301, Additional Informat = 0
12;140730,000;0x0603;8;[0x40 0x18 0x10 0x00 0x00 0x00 0x00 0x00];SDO_R;3;0x1018;0;client: initiate upload request
13;140730,000;0x0583;8;[0x4f 0x18 0x10 0x00 0x04 0x00 0x00 0x00];SDO_T;3;0x1018;0;server: upload response = [0x04] --> [\x04]
14;140740,000;0x0603;8;[0x40 0x18 0x10 0x01 0x00 0x00 0x00 0x00];SDO_R;3;0x1018;1;client: initiate upload request
15;140740,000;0x0583;8;[0x43 0x18 0x10 0x01 0x0c 0x01 0x00 0x00];SDO_T;3;0x1018;1;server: upload response = [0x0c 0x01 0x00 0x00] --> [\x0c\x01\x00\x00]
16;140750,000;0x0603;8;[0x40 0x18 0x10 0x02 0x00 0x00 0x00 0x00];SDO_R;3;0x1018;2;client: initiate upload request
17;140750,000;0x0583;8;[0x43 0x18 0x10 0x02 0x00 0x00 0x00 0x00];SDO_T;3;0x1018;2;server: upload response = [0x00 0x00 0x00 0x00] --> [\x00\x00\x00\x00]
18;140760,000;0x0603;8;[0x40 0x18 0x10 0x03 0x00 0x00 0x00 0x00];SDO_R;3;0x1018;3;client: initiate upload request
19;140760,000;0x0583;8;[0x43 0x18 0x10 0x03 0x00 0x00 0x00 0x00];SDO_T;3;0x1018;3;server: upload response = [0x00 0x00 0x00 0x00] --> [\x00\x00\x00\x00]
20;140770,000;0x0603;8;[0x40 0x18 0x10 0x04 0x00 0x00 0x00 0x00];SDO_R;3;0x1018;4;client: initiate upload request
21;140770,000;0x0583;8;[0x43 0x18 0x10 0x04 0x00 0x00 0x00 0x00];SDO_T;3;0x1018;4;server: upload response = [0x00 0x00 0x00 0x00] --> [\x00\x00\x00\x00]
22;141200,000;0x0703;1;[0x7f];ERR_CTRL;3;-;-;Heartbeat: Preoperational (490.0 ms)
23;143700,000;0x0703;1;[0x7f];ERR_CTRL;3;-;-;Heartbeat: Preoperational (2500.0 ms)
24;146200,000;0x0703;1;[0x7f];ERR_CTRL;3;-;-;Heartbeat: Preoperational (2500.0 ms)
25;148700,000;0x0703;1;[0x7f];ERR_CTRL;3;-;-;Heartbeat: Preoperational (2500.0 ms)
26;150720,000;0x0702;1;;ERR_CTRL;2;-;-;Node-Guarding Request (RTR)
27;151200,000;0x0703;1;[0x7f];ERR_CTRL;3;-;-;Heartbeat: Preoperational (2500.0 ms)
28;151720,000;0x0702;1;;ERR_CTRL;2;-;-;Node-Guarding Request (RTR)
29;151740,000;0x0603;8;[0x40 0x08 0x10 0x00 0x00 0x00 0x00 0x00];SDO_R;3;0x1008;0;client: initiate upload request
30;151740,000;0x0583;8;[0x41 0x08 0x10 0x00 0x08 0x00 0x00 0x00];SDO_T;3;0x1008;0;server: initiate upload response length=8 bytes
31;151750,000;0x0603;8;[0x60 0x00 0x00 0x00 0x00 0x00 0x00 0x00];SDO_R;3;-;-;client: upload segment request (!T)
32;151750,000;0x0583;8;[0x00 0x41 0x64 0x64 0x4f 0x6e 0x20 0x49];SDO_T;3;-;-;server: upload segment response (!T) = [0x41 0x64 0x64 0x4f 0x6e 0x20 0x49] --> [AddOn I]
33;151750,000;0x0603;8;[0x70 0x00 0x00 0x00 0x00 0x00 0x00 0x00];SDO_R;3;-;-;client: upload segment request (T)
34;151750,000;0x0583;8;[0x1d 0x4f 0x00 0x00 0x00 0x00 0x00 0x00];SDO_T;3;-;-;server: upload segment response (T) = [0x4f] --> [O] (last segment)
35;152720,000;0x0702;1;;ERR_CTRL;2;-;-;Node-Guarding Request (RTR)
36;152760,000;0x0602;8;[0x40 0x08 0x10 0x00 0x00 0x00 0x00 0x00];SDO_R;2;0x1008;0;client: initiate upload request
37;153270,000;0x0602;8;[0x80 0x08 0x10 0x00 0x00 0x00 0x04 0x05];SDO_R;2;-;-;client: abort transfer request: "SDO protocol timed out." 
38;153690,000;0x0703;1;[0x7f];ERR_CTRL;3;-;-;Heartbeat: Preoperational (2490.0 ms)
39;154780,000;0x0603;8;[0x40 0x09 0x10 0x00 0x00 0x00 0x00 0x00];SDO_R;3;0x1009;0;client: initiate upload request
40;154780,000;0x0583;8;[0x47 0x09 0x10 0x00 0x31 0x30 0x30 0x00];SDO_T;3;0x1009;0;server: upload response = [0x31 0x30 0x30] --> [100]
41;154810,000;0x0602;8;[0x40 0x09 0x10 0x00 0x00 0x00 0x00 0x00];SDO_R;2;0x1009;0;client: initiate upload request
42;155320,000;0x0602;8;[0x80 0x09 0x10 0x00 0x00 0x00 0x04 0x05];SDO_R;2;-;-;client: abort transfer request: "SDO protocol timed out." 
43;155320,000;0x0603;8;[0x40 0x0a 0x10 0x00 0x00 0x00 0x00 0x00];SDO_R;3;0x100a;0;client: initiate upload request
44;155320,000;0x0583;8;[0x47 0x0a 0x10 0x00 0x32 0x30 0x31 0x00];SDO_T;3;0x100a;0;server: upload response = [0x32 0x30 0x31] --> [201]
45;155410,000;0x0609;8;[0x40 0x08 0x10 0x00 0x00 0x00 0x00 0x00];SDO_R;9;0x1008;0;client: initiate upload request
46;155420,000;0x0589;8;[0x80 0x08 0x10 0x00 0x00 0x00 0x02 0x06];SDO_T;9;-;-;server: abort transfer request: "Object does not exist in the object dictionary." 
47;155460,000;0x0602;8;[0x40 0x0a 0x10 0x00 0x00 0x00 0x00 0x00];SDO_R;2;0x100a;0;client: initiate upload request
48;155960,000;0x0602;8;[0x80 0x0a 0x10 0x00 0x00 0x00 0x04 0x05];SDO_R;2;-;-;client: abort transfer request: "SDO protocol timed out." 
49;155970,000;0x0603;8;[0x23 0x16 0x10 0x01 0x88 0x13 0x01 0x00];SDO_R;3;0x1016;1;client: download request = [0x88 0x13 0x01 0x00] --> Consumer Heartbeat Time of node 1 is set to 5000 ms
50;155970,000;0x0583;8;[0x60 0x16 0x10 0x01 0x00 0x00 0x00 0x00];SDO_T;3;0x1016;1;server: initiate download response
51;155980,000;0x0701;1;[0x05];ERR_CTRL;1;-;-;Heartbeat: Operational
52;155980,000;0x0609;8;[0x40 0x09 0x10 0x00 0x00 0x00 0x00 0x00];SDO_R;9;0x1009;0;client: initiate upload request
53;155980,000;0x0589;8;[0x80 0x09 0x10 0x00 0x00 0x00 0x02 0x06];SDO_T;9;-;-;server: abort transfer request: "Object does not exist in the object dictionary." 
54;156100,000;0x0609;8;[0x40 0x0a 0x10 0x00 0x00 0x00 0x00 0x00];SDO_R;9;0x100a;0;client: initiate upload request
55;156100,000;0x0589;8;[0x80 0x0a 0x10 0x00 0x00 0x00 0x02 0x06];SDO_T;9;-;-;server: abort transfer request: "Object does not exist in the object dictionary." 
56;156190,000;0x0703;1;[0x7f];ERR_CTRL;3;-;-;Heartbeat: Preoperational (2500.0 ms)
57;156280,000;0x0609;8;[0x2b 0x0c 0x10 0x00 0xdc 0x05 0x00 0x00];SDO_R;9;0x100c;0;client: download request = [0xdc 0x05] --> [\xdc\x05]
58;156280,000;0x0589;8;[0x60 0x0c 0x10 0x00 0x00 0x00 0x00 0x00];SDO_T;9;0x100c;0;server: initiate download response
59;156320,000;0x0709;1;;ERR_CTRL;9;-;-;Node-Guarding Request (RTR)
60;156320,000;0x0709;1;[0x7f];ERR_CTRL;9;-;-;Heartbeat: Preoperational
61;156380,000;0x0609;8;[0x2f 0x0d 0x10 0x00 0x02 0x00 0x00 0x00];SDO_R;9;0x100d;0;client: download request = [0x02] --> Life time factor = 2
62;156390,000;0x0589;8;[0x60 0x0d 0x10 0x00 0x00 0x00 0x00 0x00];SDO_T;9;0x100d;0;server: initiate download response
63;157320,000;0x0709;1;;ERR_CTRL;9;-;-;Node-Guarding Request (RTR)
64;157320,000;0x0709;1;[0xff];ERR_CTRL;9;-;-;Heartbeat: Preoperational (1000.0 ms)
65;157690,000;0x0000;2;[0x01 0x03];NMT;3;-;-;NMT Start
66;157690,000;0x0183;8;[0x00 0x00 0x00 0x00 0x00 0x00 0x00 0x00];PDO1_T;3;-;-;Transmit PDO1
67;157690,000;0x0283;8;[0x09 0x32 0x09 0x32 0x00 0x00 0x00 0x00];PDO2_T;3;-;-;Transmit PDO2
68;157690,000;0x0383;8;[0x00 0x00 0x00 0x00 0x00 0x00 0x00 0x00];PDO3_T;3;-;-;Transmit PDO3
69;157690,000;0x0483;8;[0x00 0x00 0x00 0x00 0x00 0x00 0x00 0x00];PDO4_T;3;-;-;Transmit PDO4
70;157870,000;0x0603;8;[0x40 0x01 0x20 0x07 0x00 0x00 0x00 0x00];SDO_R;3;0x2001;7;client: initiate upload request
71;157870,000;0x0583;8;[0x4b 0x01 0x20 0x07 0x01 0x00 0x00 0x00];SDO_T;3;0x2001;7;server: upload response = [0x01 0x00] --> [\x01\x00]
72;157970,000;0x0000;2;[0x01 0x09];NMT;9;-;-;NMT Start
73;157970,000;0x0189;8;[0x00 0x00 0x00 0x00 0x00 0x00 0x00 0x00];PDO1_T;9;-;-;Transmit PDO1
74;157970,000;0x0289;8;[0xc0 0x01 0xff 0x03 0x8b 0x00 0x22 0x00];PDO2_T;9;-;-;Transmit PDO2
75;157980,000;0x0389;8;[0x29 0x02 0x53 0x00 0x23 0x00 0x23 0x00];PDO3_T;9;-;-;Transmit PDO3
76;157980,000;0x0489;8;[0x00 0x00 0x00 0x00 0x00 0x00 0x00 0x00];PDO4_T;9;-;-;Transmit PDO4
77;157980,000;0x0603;8;[0x40 0x01 0x20 0x01 0x00 0x00 0x00 0x00];SDO_R;3;0x2001;1;client: initiate upload request
78;157980,000;0x0583;8;[0x4b 0x01 0x20 0x01 0xf6 0xff 0x00 0x00];SDO_T;3;0x2001;1;server: upload response = [0xf6 0xff] --> [\xf6\xff]
79;158130,000;0x0603;8;[0x40 0x01 0x20 0x02 0x00 0x00 0x00 0x00];SDO_R;3;0x2001;2;client: initiate upload request
80;158130,000;0x0583;8;[0x4b 0x01 0x20 0x02 0xec 0xff 0x00 0x00];SDO_T;3;0x2001;2;server: upload response = [0xec 0xff] --> [\xec\xff]
81;158150,000;0x0609;8;[0x40 0x01 0x20 0x07 0x00 0x00 0x00 0x00];SDO_R;9;0x2001;7;client: initiate upload request
82;158150,000;0x0589;8;[0x4b 0x01 0x20 0x07 0x00 0x00 0x00 0x00];SDO_T;9;0x2001;7;server: upload response = [0x00 0x00] --> [\x00\x00]
83;158250,000;0x0609;8;[0x40 0x01 0x20 0x01 0x00 0x00 0x00 0x00];SDO_R;9;0x2001;1;client: initiate upload request
84;158260,000;0x0589;8;[0x4b 0x01 0x20 0x01 0x28 0x00 0x00 0x00];SDO_T;9;0x2001;1;server: upload response = [0x28 0x00] --> [(\x00]
85;158270,000;0x0603;8;[0x40 0x01 0x20 0x03 0x00 0x00 0x00 0x00];SDO_R;3;0x2001;3;client: initiate upload request
86;158270,000;0x0583;8;[0x4b 0x01 0x20 0x03 0xe2 0xff 0x00 0x00];SDO_T;3;0x2001;3;server: upload response = [0xe2 0xff] --> [\xe2\xff]
87;158320,000;0x0709;1;;ERR_CTRL;9;-;-;Node-Guarding Request (RTR)
88;158320,000;0x0709;1;[0x05];ERR_CTRL;9;-;-;Heartbeat: Operational (1000.0 ms)
89;158400,000;0x0609;8;[0x40 0x01 0x20 0x02 0x00 0x00 0x00 0x00];SDO_R;9;0x2001;2;client: initiate upload request
90;158400,000;0x0589;8;[0x4b 0x01 0x20 0x02 0xe2 0xff 0x00 0x00];SDO_T;9;0x2001;2;server: upload response = [0xe2 0xff] --> [\xe2\xff]
91;158410,000;0x0603;8;[0x40 0x01 0x20 0x04 0x00 0x00 0x00 0x00];SDO_R;3;0x2001;4;client: initiate upload request
92;158410,000;0x0583;8;[0x4b 0x01 0x20 0x04 0xd8 0xff 0x00 0x00];SDO_T;3;0x2001;4;server: upload response = [0xd8 0xff] --> [\xd8\xff]
93;158460,000;0x0289;8;[0xc0 0x01 0xff 0x03 0x8b 0x00 0x23 0x00];PDO2_T;9;-;-;Transmit PDO2
94;158460,000;0x0389;8;[0x42 0x02 0x56 0x00 0x24 0x00 0x24 0x00];PDO3_T;9;-;-;Transmit PDO3
95;158470,000;0x0701;1;[0x05];ERR_CTRL;1;-;-;Heartbeat: Operational (2490.0 ms)
96;158540,000;0x0609;8;[0x40 0x01 0x20 0x03 0x00 0x00 0x00 0x00];SDO_R;9;0x2001;3;client: initiate upload request
97;158550,000;0x0589;8;[0x4b 0x01 0x20 0x03 0xe2 0xff 0x00 0x00];SDO_T;9;0x2001;3;server: upload response = [0xe2 0xff] --> [\xe2\xff]
98;158560,000;0x0603;8;[0x40 0x01 0x20 0x05 0x00 0x00 0x00 0x00];SDO_R;3;0x2001;5;client: initiate upload request
99;158560,000;0x0583;8;[0x4b 0x01 0x20 0x05 0xce 0xff 0x00 0x00];SDO_T;3;0x2001;5;server: upload response = [0xce 0xff] --> [\xce\xff]
100;158690,000;0x0609;8;[0x40 0x01 0x20 0x04 0x00 0x00 0x00 0x00];SDO_R;9;0x2001;4;client: initiate upload request
101;158690,000;0x0589;8;[0x4b 0x01 0x20 0x04 0x00 0x00 0x00 0x00];SDO_T;9;0x2001;4;server: upload response = [0x00 0x00] --> [\x00\x00]
102;158690,000;0x0703;1;[0x05];ERR_CTRL;3;-;-;Heartbeat: Operational (2500.0 ms)
103;158690,000;0x0183;8;[0x00 0x00 0x00 0x00 0x00 0x00 0x00 0x00];PDO1_T;3;-;-;Transmit PDO1
104;158690,000;0x0283;8;[0x09 0x32 0x09 0x32 0x00 0x00 0x00 0x00];PDO2_T;3;-;-;Transmit PDO2
105;158690,000;0x0383;8;[0x00 0x00 0x00 0x00 0x00 0x00 0x00 0x00];PDO3_T;3;-;-;Transmit PDO3
106;158690,000;0x0483;8;[0x00 0x00 0x00 0x00 0x00 0x00 0x00 0x00];PDO4_T;3;-;-;Transmit PDO4
107;158700,000;0x0603;8;[0x40 0x01 0x20 0x06 0x00 0x00 0x00 0x00];SDO_R;3;0x2001;6;client: initiate upload request
108;158700,000;0x0583;8;[0x4b 0x01 0x20 0x06 0x00 0x00 0x00 0x00];SDO_T;3;0x2001;6;server: upload response = [0x00 0x00] --> [\x00\x00]
109;158830,000;0x0609;8;[0x40 0x01 0x20 0x05 0x00 0x00 0x00 0x00];SDO_R;9;0x2001;5;client: initiate upload request
110;158830,000;0x0589;8;[0x4b 0x01 0x20 0x05 0x00 0x00 0x00 0x00];SDO_T;9;0x2001;5;server: upload response = [0x00 0x00] --> [\x00\x00]
111;158970,000;0x0609;8;[0x40 0x01 0x20 0x06 0x00 0x00 0x00 0x00];SDO_R;9;0x2001;6;client: initiate upload request
112;158980,000;0x0589;8;[0x4b 0x01 0x20 0x06 0x00 0x00 0x00 0x00];SDO_T;9;0x2001;6;server: upload response = [0x00 0x00] --> [\x00\x00]
113;159320,000;0x0709;1;;ERR_CTRL;9;-;-;Node-Guarding Request (RTR)
114;159320,000;0x0709;1;[0x85];ERR_CTRL;9;-;-;Heartbeat: Operational (1000.0 ms)
115;159460,000;0x0603;8;[0x40 0x00 0x20 0x01 0x00 0x00 0x00 0x00];SDO_R;3;0x2000;1;client: initiate upload request
116;159460,000;0x0583;8;[0x4b 0x00 0x20 0x01 0xe9 0x03 0x00 0x00];SDO_T;3;0x2000;1;server: upload response = [0xe9 0x03] --> [\xe9\x03]
117;159600,000;0x0603;8;[0x40 0x00 0x20 0x02 0x00 0x00 0x00 0x00];SDO_R;3;0x2000;2;client: initiate upload request
118;159600,000;0x0583;8;[0x4b 0x00 0x20 0x02 0xea 0x03 0x00 0x00];SDO_T;3;0x2000;2;server: upload response = [0xea 0x03] --> [\xea\x03]
119;159690,000;0x0183;8;[0x00 0x00 0x00 0x00 0x00 0x00 0x00 0x00];PDO1_T;3;-;-;Transmit PDO1
120;159690,000;0x0283;8;[0x09 0x32 0x09 0x32 0x00 0x00 0x00 0x00];PDO2_T;3;-;-;Transmit PDO2
121;159690,000;0x0383;8;[0x00 0x00 0x00 0x00 0x00 0x00 0x00 0x00];PDO3_T;3;-;-;Transmit PDO3
122;159690,000;0x0483;8;[0x00 0x00 0x00 0x00 0x00 0x00 0x00 0x00];PDO4_T;3;-;-;Transmit PDO4
123;159730,000;0x0609;8;[0x40 0x00 0x20 0x01 0x00 0x00 0x00 0x00];SDO_R;9;0x2000;1;client: initiate upload request
124;159730,000;0x0589;8;[0x4b 0x00 0x20 0x01 0xec 0x03 0x00 0x00];SDO_T;9;0x2000;1;server: upload response = [0xec 0x03] --> [\xec\x03]
125;159740,000;0x0603;8;[0x40 0x00 0x20 0x03 0x00 0x00 0x00 0x00];SDO_R;3;0x2000;3;client: initiate upload request
126;159740,000;0x0583;8;[0x4b 0x00 0x20 0x03 0xeb 0x03 0x00 0x00];SDO_T;3;0x2000;3;server: upload response = [0xeb 0x03] --> [\xeb\x03]
127;159870,000;0x0609;8;[0x40 0x00 0x20 0x02 0x00 0x00 0x00 0x00];SDO_R;9;0x2000;2;client: initiate upload request
128;159870,000;0x0589;8;[0x4b 0x00 0x20 0x02 0xeb 0x03 0x00 0x00];SDO_T;9;0x2000;2;server: upload response = [0xeb 0x03] --> [\xeb\x03]
129;159890,000;0x0603;8;[0x40 0x00 0x20 0x04 0x00 0x00 0x00 0x00];SDO_R;3;0x2000;4;client: initiate upload request
130;159890,000;0x0583;8;[0x4b 0x00 0x20 0x04 0xec 0x03 0x00 0x00];SDO_T;3;0x2000;4;server: upload response = [0xec 0x03] --> [\xec\x03]
131;160020,000;0x0609;8;[0x40 0x00 0x20 0x03 0x00 0x00 0x00 0x00];SDO_R;9;0x2000;3;client: initiate upload request
132;160020,000;0x0589;8;[0x4b 0x00 0x20 0x03 0xeb 0x03 0x00 0x00];SDO_T;9;0x2000;3;server: upload response = [0xeb 0x03] --> [\xeb\x03]
133;160030,000;0x0603;8;[0x40 0x00 0x20 0x05 0x00 0x00 0x00 0x00];SDO_R;3;0x2000;5;client: initiate upload request
134;160030,000;0x0583;8;[0x4b 0x00 0x20 0x05 0xed 0x03 0x00 0x00];SDO_T;3;0x2000;5;server: upload response = [0xed 0x03] --> [\xed\x03]
135;160160,000;0x0609;8;[0x40 0x00 0x20 0x04 0x00 0x00 0x00 0x00];SDO_R;9;0x2000;4;client: initiate upload request
136;160160,000;0x0589;8;[0x4b 0x00 0x20 0x04 0xe8 0x03 0x00 0x00];SDO_T;9;0x2000;4;server: upload response = [0xe8 0x03] --> [\xe8\x03]
137;160180,000;0x0603;8;[0x40 0x00 0x20 0x06 0x00 0x00 0x00 0x00];SDO_R;3;0x2000;6;client: initiate upload request
138;160180,000;0x0583;8;[0x4b 0x00 0x20 0x06 0xee 0x03 0x00 0x00];SDO_T;3;0x2000;6;server: upload response = [0xee 0x03] --> [\xee\x03]
139;160300,000;0x0609;8;[0x40 0x00 0x20 0x05 0x00 0x00 0x00 0x00];SDO_R;9;0x2000;5;client: initiate upload request
140;160310,000;0x0589;8;[0x4b 0x00 0x20 0x05 0xe8 0x03 0x00 0x00];SDO_T;9;0x2000;5;server: upload response = [0xe8 0x03] --> [\xe8\x03]
141;160320,000;0x0709;1;;ERR_CTRL;9;-;-;Node-Guarding Request (RTR)
142;160320,000;0x0709;1;[0x05];ERR_CTRL;9;-;-;Heartbeat: Operational (1000.0 ms)
143;160450,000;0x0609;8;[0x40 0x00 0x20 0x06 0x00 0x00 0x00 0x00];SDO_R;9;0x2000;6;client: initiate upload request
144;160450,000;0x0589;8;[0x4b 0x00 0x20 0x06 0xe8 0x03 0x00 0x00];SDO_T;9;0x2000;6;server: upload response = [0xe8 0x03] --> [\xe8\x03]
145;160460,000;0x0289;8;[0xbf 0x01 0xff 0x03 0x8b 0x00 0x23 0x00];PDO2_T;9;-;-;Transmit PDO2
146;160470,000;0x0389;8;[0x5c 0x02 0x5a 0x00 0x23 0x00 0x23 0x00];PDO3_T;9;-;-;Transmit PDO3
147;160690,000;0x0183;8;[0x00 0x00 0x00 0x00 0x00 0x00 0x00 0x00];PDO1_T;3;-;-;Transmit PDO1
148;160690,000;0x0283;8;[0x09 0x32 0x09 0x32 0x00 0x00 0x00 0x00];PDO2_T;3;-;-;Transmit PDO2
149;160690,000;0x0383;8;[0x00 0x00 0x00 0x00 0x00 0x00 0x00 0x00];PDO3_T;3;-;-;Transmit PDO3
150;160690,000;0x0483;8;[0x00 0x00 0x00 0x00 0x00 0x00 0x00 0x00];PDO4_T;3;-;-;Transmit PDO4
151;160930,000;0x0000;2;[0x01 0x03];NMT;3;-;-;NMT Start
152;160970,000;0x0701;1;[0x05];ERR_CTRL;1;-;-;Heartbeat: Operational (2500.0 ms)
153;161070,000;0x0000;2;[0x01 0x03];NMT;3;-;-;NMT Start
154;161190,000;0x0703;1;[0x05];ERR_CTRL;3;-;-;Heartbeat: Operational (2500.0 ms)
155;161200,000;0x0000;2;[0x01 0x09];NMT;9;-;-;NMT Start
156;161220,000;0x0000;2;[0x01 0x03];NMT;3;-;-;NMT Start
157;161310,000;0x0709;1;;ERR_CTRL;9;-;-;Node-Guarding Request (RTR)
158;161310,000;0x0709;1;[0x85];ERR_CTRL;9;-;-;Heartbeat: Operational (990.0 ms)
159;161350,000;0x0000;2;[0x01 0x09];NMT;9;-;-;NMT Start
160;161360,000;0x0000;2;[0x01 0x03];NMT;3;-;-;NMT Start
161;161460,000;0x0189;8;[0x00 0x00 0x00 0x00 0x00 0x00 0x00 0x00];PDO1_T;9;-;-;Transmit PDO1
162;161460,000;0x0289;8;[0xc0 0x01 0xff 0x03 0x8b 0x00 0x22 0x00];PDO2_T;9;-;-;Transmit PDO2
163;161460,000;0x0389;8;[0x75 0x02 0x5c 0x00 0x23 0x00 0x23 0x00];PDO3_T;9;-;-;Transmit PDO3
164;161470,000;0x0489;8;[0x00 0x00 0x00 0x00 0x00 0x00 0x00 0x00];PDO4_T;9;-;-;Transmit PDO4
165;161490,000;0x0000;2;[0x01 0x09];NMT;9;-;-;NMT Start
166;161510,000;0x0000;2;[0x01 0x03];NMT;3;-;-;NMT Start
167;161630,000;0x0000;2;[0x01 0x09];NMT;9;-;-;NMT Start
168;161650,000;0x0000;2;[0x01 0x03];NMT;3;-;-;NMT Start
169;161690,000;0x0183;8;[0x00 0x00 0x00 0x00 0x00 0x00 0x00 0x00];PDO1_T;3;-;-;Transmit PDO1
170;161690,000;0x0283;8;[0x09 0x32 0x09 0x32 0x00 0x00 0x00 0x00];PDO2_T;3;-;-;Transmit PDO2
171;161690,000;0x0383;8;[0x00 0x00 0x00 0x00 0x00 0x00 0x00 0x00];PDO3_T;3;-;-;Transmit PDO3
172;161690,000;0x0483;8;[0x00 0x00 0x00 0x00 0x00 0x00 0x00 0x00];PDO4_T;3;-;-;Transmit PDO4
173;161780,000;0x0000;2;[0x01 0x09];NMT;9;-;-;NMT Start
174;161790,000;0x0000;2;[0x01 0x03];NMT;3;-;-;NMT Start
175;161920,000;0x0000;2;[0x01 0x09];NMT;9;-;-;NMT Start
176;161940,000;0x0000;2;[0x01 0x03];NMT;3;-;-;NMT Start
177;161960,000;0x0189;8;[0x00 0x00 0x00 0x00 0x00 0x00 0x00 0x00];PDO1_T;9;-;-;Transmit PDO1
178;161960,000;0x0289;8;[0xc0 0x01 0xff 0x03 0x8b 0x00 0x22 0x00];PDO2_T;9;-;-;Transmit PDO2
179;161970,000;0x0389;8;[0x75 0x02 0x5c 0x00 0x23 0x00 0x23 0x00];PDO3_T;9;-;-;Transmit PDO3
180;161970,000;0x0489;8;[0x00 0x00 0x00 0x00 0x00 0x00 0x00 0x00];PDO4_T;9;-;-;Transmit PDO4
181;162070,000;0x0000;2;[0x01 0x09];NMT;9;-;-;NMT Start
182;162080,000;0x0000;2;[0x01 0x03];NMT;3;-;-;NMT Start
183;162210,000;0x0000;2;[0x01 0x09];NMT;9;-;-;NMT Start
184;162230,000;0x0000;2;[0x01 0x03];NMT;3;-;-;NMT Start
185;162310,000;0x0709;1;;ERR_CTRL;9;-;-;Node-Guarding Request (RTR)
186;162310,000;0x0709;1;[0x05];ERR_CTRL;9;-;-;Heartbeat: Operational (1000.0 ms)
187;162350,000;0x0000;2;[0x01 0x09];NMT;9;-;-;NMT Start
188;162370,000;0x0000;2;[0x01 0x03];NMT;3;-;-;NMT Start
189;162460,000;0x0189;8;[0x00 0x00 0x00 0x00 0x00 0x00 0x00 0x00];PDO1_T;9;-;-;Transmit PDO1
190;162460,000;0x0289;8;[0xc0 0x01 0xff 0x03 0x8b 0x00 0x22 0x00];PDO2_T;9;-;-;Transmit PDO2
191;162470,000;0x0389;8;[0x75 0x02 0x5c 0x00 0x23 0x00 0x23 0x00];PDO3_T;9;-;-;Transmit PDO3
192;162470,000;0x0489;8;[0x00 0x00 0x00 0x00 0x00 0x00 0x00 0x00];PDO4_T;9;-;-;Transmit PDO4
193;162500,000;0x0000;2;[0x01 0x09];NMT;9;-;-;NMT Start
194;162510,000;0x0000;2;[0x01 0x03];NMT;3;-;-;NMT Start
195;162640,000;0x0000;2;[0x01 0x09];NMT;9;-;-;NMT Start
196;162660,000;0x0000;2;[0x01 0x03];NMT;3;-;-;NMT Start
197;162690,000;0x0183;8;[0x00 0x00 0x00 0x00 0x00 0x00 0x00 0x00];PDO1_T;3;-;-;Transmit PDO1
198;162690,000;0x0283;8;[0x09 0x32 0x09 0x32 0x00 0x00 0x00 0x00];PDO2_T;3;-;-;Transmit PDO2
199;162690,000;0x0383;8;[0x00 0x00 0x00 0x00 0x00 0x00 0x00 0x00];PDO3_T;3;-;-;Transmit PDO3
200;162690,000;0x0483;8;[0x00 0x00 0x00 0x00 0x00 0x00 0x00 0x00];PDO4_T;3;-;-;Transmit PDO4
201;162780,000;0x0000;2;[0x01 0x09];NMT;9;-;-;NMT Start
202;162800,000;0x0000;2;[0x01 0x03];NMT;3;-;-;NMT Start
203;162930,000;0x0000;2;[0x01 0x09];NMT;9;-;-;NMT Start
204;162940,000;0x0000;2;[0x01 0x03];NMT;3;-;-;NMT Start
205;162960,000;0x0189;8;[0x00 0x00 0x00 0x00 0x00 0x00 0x00 0x00];PDO1_T;9;-;-;Transmit PDO1
206;162960,000;0x0289;8;[0xc0 0x01 0xff 0x03 0x8b 0x00 0x22 0x00];PDO2_T;9;-;-;Transmit PDO2
207;162970,000;0x0389;8;[0x75 0x02 0x5c 0x00 0x23 0x00 0x23 0x00];PDO3_T;9;-;-;Transmit PDO3
208;162970,000;0x0489;8;[0x00 0x00 0x00 0x00 0x00 0x00 0x00 0x00];PDO4_T;9;-;-;Transmit PDO4
209;163080,000;0x0000;2;[0x01 0x09];NMT;9;-;-;NMT Start
210;163090,000;0x0000;2;[0x01 0x03];NMT;3;-;-;NMT Start
211;163220,000;0x0000;2;[0x01 0x09];NMT;9;-;-;NMT Start
212;163230,000;0x0000;2;[0x01 0x03];NMT;3;-;-;NMT Start
213;163310,000;0x0709;1;;ERR_CTRL;9;-;-;Node-Guarding Request (RTR)
214;163310,000;0x0709;1;[0x85];ERR_CTRL;9;-;-;Heartbeat: Operational (1000.0 ms)
215;163360,000;0x0000;2;[0x01 0x09];NMT;9;-;-;NMT Start
216;163380,000;0x0000;2;[0x01 0x03];NMT;3;-;-;NMT Start
217;163460,000;0x0189;8;[0x00 0x00 0x00 0x00 0x00 0x00 0x00 0x00];PDO1_T;9;-;-;Transmit PDO1
218;163460,000;0x0289;8;[0xbf 0x01 0xff 0x03 0x8b 0x00 0x22 0x00];PDO2_T;9;-;-;Transmit PDO2
219;163470,000;0x0389;8;[0x8e 0x02 0x60 0x00 0x23 0x00 0x23 0x00];PDO3_T;9;-;-;Transmit PDO3
220;163470,000;0x0701;1;[0x05];ERR_CTRL;1;-;-;Heartbeat: Operational (2500.0 ms)
221;163470,000;0x0489;8;[0x00 0x00 0x00 0x00 0x00 0x00 0x00 0x00];PDO4_T;9;-;-;Transmit PDO4
222;163500,000;0x0000;2;[0x01 0x09];NMT;9;-;-;NMT Start
223;163520,000;0x0000;2;[0x01 0x03];NMT;3;-;-;NMT Start
224;163650,000;0x0000;2;[0x01 0x09];NMT;9;-;-;NMT Start
225;163660,000;0x0000;2;[0x01 0x03];NMT;3;-;-;NMT Start
226;163690,000;0x0703;1;[0x05];ERR_CTRL;3;-;-;Heartbeat: Operational (2500.0 ms)
227;163690,000;0x0183;8;[0x00 0x00 0x00 0x00 0x00 0x00 0x00 0x00];PDO1_T;3;-;-;Transmit PDO1
228;163690,000;0x0283;8;[0x09 0x32 0x09 0x32 0x00 0x00 0x00 0x00];PDO2_T;3;-;-;Transmit PDO2
229;163690,000;0x0383;8;[0x00 0x00 0x00 0x00 0x00 0x00 0x00 0x00];PDO3_T;3;-;-;Transmit PDO3
230;163690,000;0x0483;8;[0x00 0x00 0x00 0x00 0x00 0x00 0x00 0x00];PDO4_T;3;-;-;Transmit PDO4
231;163790,000;0x0000;2;[0x01 0x09];NMT;9;-;-;NMT Start
232;163810,000;0x0000;2;[0x01 0x03];NMT;3;-;-;NMT Start
233;163940,000;0x0000;2;[0x01 0x09];NMT;9;-;-;NMT Start
234;163950,000;0x0000;2;[0x01 0x03];NMT;3;-;-;NMT Start
235;163960,000;0x0189;8;[0x00 0x00 0x00 0x00 0x00 0x00 0x00 0x00];PDO1_T;9;-;-;Transmit PDO1
236;163960,000;0x0289;8;[0xbf 0x01 0xff 0x03 0x8b 0x00 0x22 0x00];PDO2_T;9;-;-;Transmit PDO2
237;163970,000;0x0389;8;[0x8e 0x02 0x60 0x00 0x23 0x00 0x23 0x00];PDO3_T;9;-;-;Transmit PDO3
238;163970,000;0x0489;8;[0x00 0x00 0x00 0x00 0x00 0x00 0x00 0x00];PDO4_T;9;-;-;Transmit PDO4
239;164080,000;0x0000;2;[0x01 0x09];NMT;9;-;-;NMT Start
240;164100,000;0x0000;2;[0x01 0x03];NMT;3;-;-;NMT Start
241;164220,000;0x0000;2;[0x01 0x09];NMT;9;-;-;NMT Start
242;164240,000;0x0000;2;[0x01 0x03];NMT;3;-;-;NMT Start
243;164310,000;0x0709;1;;ERR_CTRL;9;-;-;Node-Guarding Request (RTR)
244;164310,000;0x0709;1;[0x05];ERR_CTRL;9;-;-;Heartbeat: Operational (1000.0 ms)
245;164370,000;0x0000;2;[0x01 0x09];NMT;9;-;-;NMT Start
246;164380,000;0x0000;2;[0x01 0x03];NMT;3;-;-;NMT Start
247;164460,000;0x0189;8;[0x00 0x00 0x00 0x00 0x00 0x00 0x00 0x00];PDO1_T;9;-;-;Transmit PDO1
248;164460,000;0x0289;8;[0xbf 0x01 0xff 0x03 0x8b 0x00 0x22 0x00];PDO2_T;9;-;-;Transmit PDO2
249;164470,000;0x0389;8;[0xa7 0x02 0x62 0x00 0x23 0x00 0x23 0x00];PDO3_T;9;-;-;Transmit PDO3
250;164470,000;0x0489;8;[0x00 0x00 0x00 0x00 0x00 0x00 0x00 0x00];PDO4_T;9;-;-;Transmit PDO4
251;164510,000;0x0000;2;[0x01 0x09];NMT;9;-;-;NMT Start
252;164530,000;0x0000;2;[0x01 0x03];NMT;3;-;-;NMT Start
253;164650,000;0x0000;2;[0x01 0x09];NMT;9;-;-;NMT Start
254;164670,000;0x0000;2;[0x01 0x03];NMT;3;-;-;NMT Start
255;164690,000;0x0183;8;[0x00 0x00 0x00 0x00 0x00 0x00 0x00 0x00];PDO1_T;3;-;-;Transmit PDO1
256;164690,000;0x0283;8;[0x09 0x32 0x09 0x32 0x00 0x00 0x00 0x00];PDO2_T;3;-;-;Transmit PDO2
257;164690,000;0x0383;8;[0x00 0x00 0x00 0x00 0x00 0x00 0x00 0x00];PDO3_T;3;-;-;Transmit PDO3
258;164690,000;0x0483;8;[0x00 0x00 0x00 0x00 0x00 0x00 0x00 0x00];PDO4_T;3;-;-;Transmit PDO4
259;164800,000;0x0000;2;[0x01 0x09];NMT;9;-;-;NMT Start
260;164810,000;0x0000;2;[0x01 0x03];NMT;3;-;-;NMT Start
261;164940,000;0x0000;2;[0x01 0x09];NMT;9;-;-;NMT Start
262;164960,000;0x0189;8;[0x00 0x00 0x00 0x00 0x00 0x00 0x00 0x00];PDO1_T;9;-;-;Transmit PDO1
263;164960,000;0x0000;2;[0x01 0x03];NMT;3;-;-;NMT Start
264;164960,000;0x0289;8;[0xbf 0x01 0xff 0x03 0x8b 0x00 0x22 0x00];PDO2_T;9;-;-;Transmit PDO2
265;164970,000;0x0389;8;[0xa7 0x02 0x62 0x00 0x23 0x00 0x23 0x00];PDO3_T;9;-;-;Transmit PDO3
266;164970,000;0x0489;8;[0x00 0x00 0x00 0x00 0x00 0x00 0x00 0x00];PDO4_T;9;-;-;Transmit PDO4
267;165090,000;0x0000;2;[0x01 0x09];NMT;9;-;-;NMT Start
268;165100,000;0x0000;2;[0x01 0x03];NMT;3;-;-;NMT Start
269;165230,000;0x0000;2;[0x01 0x09];NMT;9;-;-;NMT Start
270;165250,000;0x0000;2;[0x01 0x03];NMT;3;-;-;NMT Start
271;165310,000;0x0709;1;;ERR_CTRL;9;-;-;Node-Guarding Request (RTR)
272;165310,000;0x0709;1;[0x85];ERR_CTRL;9;-;-;Heartbeat: Operational (1000.0 ms)
273;165370,000;0x0000;2;[0x01 0x09];NMT;9;-;-;NMT Start
274;165390,000;0x0000;2;[0x01 0x03];NMT;3;-;-;NMT Start
275;165460,000;0x0189;8;[0x00 0x00 0x00 0x00 0x00 0x00 0x00 0x00];PDO1_T;9;-;-;Transmit PDO1
276;165460,000;0x0289;8;[0xc0 0x01 0xff 0x03 0x8b 0x00 0x22 0x00];PDO2_T;9;-;-;Transmit PDO2
277;165470,000;0x0389;8;[0xc0 0x02 0x66 0x00 0x23 0x00 0x23 0x00];PDO3_T;9;-;-;Transmit PDO3
278;165470,000;0x0489;8;[0x00 0x00 0x00 0x00 0x00 0x00 0x00 0x00];PDO4_T;9;-;-;Transmit PDO4
279;165520,000;0x0000;2;[0x01 0x09];NMT;9;-;-;NMT Start
280;165530,000;0x0000;2;[0x01 0x03];NMT;3;-;-;NMT Start
281;165660,000;0x0000;2;[0x01 0x09];NMT;9;-;-;NMT Start
282;165680,000;0x0000;2;[0x01 0x03];NMT;3;-;-;NMT Start
283;165690,000;0x0183;8;[0x00 0x00 0x00 0x00 0x00 0x00 0x00 0x00];PDO1_T;3;-;-;Transmit PDO1
284;165690,000;0x0283;8;[0x09 0x32 0x09 0x32 0x00 0x00 0x00 0x00];PDO2_T;3;-;-;Transmit PDO2
285;165690,000;0x0383;8;[0x00 0x00 0x00 0x00 0x00 0x00 0x00 0x00];PDO3_T;3;-;-;Transmit PDO3
286;165690,000;0x0483;8;[0x00 0x00 0x00 0x00 0x00 0x00 0x00 0x00];PDO4_T;3;-;-;Transmit PDO4
287;165810,000;0x0000;2;[0x01 0x09];NMT;9;-;-;NMT Start
288;165820,000;0x0000;2;[0x01 0x03];NMT;3;-;-;NMT Start
289;165950,000;0x0000;2;[0x01 0x09];NMT;9;-;-;NMT Start
290;165960,000;0x0189;8;[0x00 0x00 0x00 0x00 0x00 0x00 0x00 0x00];PDO1_T;9;-;-;Transmit PDO1
291;165960,000;0x0289;8;[0xc0 0x01 0xff 0x03 0x8b 0x00 0x22 0x00];PDO2_T;9;-;-;Transmit PDO2
292;165970,000;0x0000;2;[0x01 0x03];NMT;3;-;-;NMT Start
293;165970,000;0x0701;1;[0x05];ERR_CTRL;1;-;-;Heartbeat: Operational (2500.0 ms)
294;165970,000;0x0389;8;[0xc0 0x02 0x66 0x00 0x23 0x00 0x23 0x00];PDO3_T;9;-;-;Transmit PDO3
295;165970,000;0x0489;8;[0x00 0x00 0x00 0x00 0x00 0x00 0x00 0x00];PDO4_T;9;-;-;Transmit PDO4
296;166090,000;0x0000;2;[0x01 0x09];NMT;9;-;-;NMT Start
297;166110,000;0x0000;2;[0x01 0x03];NMT;3;-;-;NMT Start
298;166180,000;0x0703;1;[0x05];ERR_CTRL;3;-;-;Heartbeat: Operational (2490.0 ms)
299;166240,000;0x0000;2;[0x01 0x09];NMT;9;-;-;NMT Start
300;166250,000;0x0000;2;[0x01 0x03];NMT;3;-;-;NMT Start
301;166310,000;0x0709;1;;ERR_CTRL;9;-;-;Node-Guarding Request (RTR)
302;166310,000;0x0709;1;[0x05];ERR_CTRL;9;-;-;Heartbeat: Operational (1000.0 ms)
303;166380,000;0x0000;2;[0x01 0x09];NMT;9;-;-;NMT Start
304;166400,000;0x0000;2;[0x01 0x03];NMT;3;-;-;NMT Start
305;166460,000;0x0189;8;[0x00 0x00 0x00 0x00 0x00 0x00 0x00 0x00];PDO1_T;9;-;-;Transmit PDO1
306;166460,000;0x0289;8;[0xc0 0x01 0xff 0x03 0x8b 0x00 0x22 0x00];PDO2_T;9;-;-;Transmit PDO2
307;166470,000;0x0389;8;[0xc0 0x02 0x66 0x00 0x23 0x00 0x23 0x00];PDO3_T;9;-;-;Transmit PDO3
308;166470,000;0x0489;8;[0x00 0x00 0x00 0x00 0x00 0x00 0x00 0x00];PDO4_T;9;-;-;Transmit PDO4
309;166530,000;0x0000;2;[0x01 0x09];NMT;9;-;-;NMT Start
310;166540,000;0x0000;2;[0x01 0x03];NMT;3;-;-;NMT Start
311;166670,000;0x0000;2;[0x01 0x09];NMT;9;-;-;NMT Start
312;166690,000;0x0000;2;[0x01 0x03];NMT;3;-;-;NMT Start
313;166690,000;0x0183;8;[0x00 0x00 0x00 0x00 0x00 0x00 0x00 0x00];PDO1_T;3;-;-;Transmit PDO1
314;166690,000;0x0283;8;[0x09 0x32 0x09 0x32 0x00 0x00 0x00 0x00];PDO2_T;3;-;-;Transmit PDO2
315;166690,000;0x0383;8;[0x00 0x00 0x00 0x00 0x00 0x00 0x00 0x00];PDO3_T;3;-;-;Transmit PDO3
316;166690,000;0x0483;8;[0x00 0x00 0x00 0x00 0x00 0x00 0x00 0x00];PDO4_T;3;-;-;Transmit PDO4
317;166810,000;0x0000;2;[0x01 0x09];NMT;9;-;-;NMT Start
318;166830,000;0x0000;2;[0x01 0x03];NMT;3;-;-;NMT Start
319;166960,000;0x0000;2;[0x01 0x09];NMT;9;-;-;NMT Start
320;166960,000;0x0189;8;[0x00 0x00 0x00 0x00 0x00 0x00 0x00 0x00];PDO1_T;9;-;-;Transmit PDO1
321;166960,000;0x0289;8;[0xc0 0x01 0xff 0x03 0x8b 0x00 0x22 0x00];PDO2_T;9;-;-;Transmit PDO2
322;166970,000;0x0389;8;[0xc0 0x02 0x66 0x00 0x23 0x00 0x23 0x00];PDO3_T;9;-;-;Transmit PDO3
323;166970,000;0x0489;8;[0x00 0x00 0x00 0x00 0x00 0x00 0x00 0x00];PDO4_T;9;-;-;Transmit PDO4
324;166970,000;0x0000;2;[0x01 0x03];NMT;3;-;-;NMT Start
325;167100,000;0x0000;2;[0x01 0x09];NMT;9;-;-;NMT Start
326;167120,000;0x0000;2;[0x01 0x03];NMT;3;-;-;NMT Start
327;167240,000;0x0000;2;[0x01 0x09];NMT;9;-;-;NMT Start
328;167260,000;0x0000;2;[0x01 0x03];NMT;3;-;-;NMT Start
329;167310,000;0x0709;1;;ERR_CTRL;9;-;-;Node-Guarding Request (RTR)
330;167310,000;0x0709;1;[0x85];ERR_CTRL;9;-;-;Heartbeat: Operational (1000.0 ms)
331;167390,000;0x0000;2;[0x01 0x09];NMT;9;-;-;NMT Start
332;167400,000;0x0000;2;[0x01 0x03];NMT;3;-;-;NMT Start
333;167460,000;0x0189;8;[0x00 0x00 0x00 0x00 0x00 0x00 0x00 0x00];PDO1_T;9;-;-;Transmit PDO1
334;167460,000;0x0289;8;[0xc0 0x01 0xff 0x03 0x8b 0x00 0x22 0x00];PDO2_T;9;-;-;Transmit PDO2
335;167470,000;0x0389;8;[0xd8 0x02 0x69 0x00 0x23 0x00 0x23 0x00];PDO3_T;9;-;-;Transmit PDO3
336;167470,000;0x0489;8;[0x00 0x00 0x00 0x00 0x00 0x00 0x00 0x00];PDO4_T;9;-;-;Transmit PDO4
337;167530,000;0x0000;2;[0x01 0x09];NMT;9;-;-;NMT Start
338;167550,000;0x0000;2;[0x01 0x03];NMT;3;-;-;NMT Start
339;167680,000;0x0000;2;[0x01 0x09];NMT;9;-;-;NMT Start
340;167690,000;0x0183;8;[0x00 0x00 0x00 0x00 0x00 0x00 0x00 0x00];PDO1_T;3;-;-;Transmit PDO1
341;167690,000;0x0283;8;[0x09 0x32 0x09 0x32 0x00 0x00 0x00 0x00];PDO2_T;3;-;-;Transmit PDO2
342;167690,000;0x0383;8;[0x00 0x00 0x00 0x00 0x00 0x00 0x00 0x00];PDO3_T;3;-;-;Transmit PDO3
343;167690,000;0x0483;8;[0x00 0x00 0x00 0x00 0x00 0x00 0x00 0x00];PDO4_T;3;-;-;Transmit PDO4
344;167690,000;0x0000;2;[0x01 0x03];NMT;3;-;-;NMT Start
345;167820,000;0x0000;2;[0x01 0x09];NMT;9;-;-;NMT Start
346;167840,000;0x0000;2;[0x01 0x03];NMT;3;-;-;NMT Start
347;167960,000;0x0189;8;[0x00 0x00 0x00 0x00 0x00 0x00 0x00 0x00];PDO1_T;9;-;-;Transmit PDO1
348;167960,000;0x0000;2;[0x01 0x09];NMT;9;-;-;NMT Start
349;167970,000;0x0289;8;[0xc0 0x01 0xff 0x03 0x8b 0x00 0x22 0x00];PDO2_T;9;-;-;Transmit PDO2
350;167970,000;0x0389;8;[0xd8 0x02 0x69 0x00 0x23 0x00 0x23 0x00];PDO3_T;9;-;-;Transmit PDO3
351;167970,000;0x0489;8;[0x00 0x00 0x00 0x00 0x00 0x00 0x00 0x00];PDO4_T;9;-;-;Transmit PDO4
352;167980,000;0x0000;2;[0x01 0x03];NMT;3;-;-;NMT Start
353;168110,000;0x0000;2;[0x01 0x09];NMT;9;-;-;NMT Start
354;168250,000;0x0000;2;[0x01 0x09];NMT;9;-;-;NMT Start
355;168310,000;0x0709;1;;ERR_CTRL;9;-;-;Node-Guarding Request (RTR)
356;168310,000;0x0709;1;[0x05];ERR_CTRL;9;-;-;Heartbeat: Operational (1000.0 ms)
357;168460,000;0x0189;8;[0x00 0x00 0x00 0x00 0x00 0x00 0x00 0x00];PDO1_T;9;-;-;Transmit PDO1
358;168460,000;0x0701;1;[0x05];ERR_CTRL;1;-;-;Heartbeat: Operational (2490.0 ms)
359;168460,000;0x0289;8;[0xbf 0x01 0xff 0x03 0x8b 0x00 0x22 0x00];PDO2_T;9;-;-;Transmit PDO2
360;168470,000;0x0389;8;[0xf0 0x02 0x6c 0x00 0x23 0x00 0x23 0x00];PDO3_T;9;-;-;Transmit PDO3
361;168470,000;0x0489;8;[0x00 0x00 0x00 0x00 0x00 0x00 0x00 0x00];PDO4_T;9;-;-;Transmit PDO4
362;168680,000;0x0703;1;[0x05];ERR_CTRL;3;-;-;Heartbeat: Operational (2500.0 ms)
363;168680,000;0x0183;8;[0x00 0x00 0x00 0x00 0x00 0x00 0x00 0x00];PDO1_T;3;-;-;Transmit PDO1
364;168680,000;0x0283;8;[0x09 0x32 0x09 0x32 0x00 0x00 0x00 0x00];PDO2_T;3;-;-;Transmit PDO2
365;168680,000;0x0383;8;[0x00 0x00 0x00 0x00 0x00 0x00 0x00 0x00];PDO3_T;3;-;-;Transmit PDO3
366;168680,000;0x0483;8;[0x00 0x00 0x00 0x00 0x00 0x00 0x00 0x00];PDO4_T;3;-;-;Transmit PDO4
367;169130,000;0x0203;8;[0x40 0x00 0x00 0x00 0x00 0x00 0x00 0x00];PDO1_R;3;-;-;Receive PDO1
368;169310,000;0x0709;1;;ERR_CTRL;9;-;-;Node-Guarding Request (RTR)
369;169310,000;0x0709;1;[0x85];ERR_CTRL;9;-;-;Heartbeat: Operational (1000.0 ms)
370;169470,000;0x0389;8;[0x08 0x03 0x6e 0x00 0x24 0x00 0x23 0x00];PDO3_T;9;-;-;Transmit PDO3
371;169680,000;0x0183;8;[0x00 0x00 0x00 0x00 0x00 0x00 0x00 0x00];PDO1_T;3;-;-;Transmit PDO1
372;169680,000;0x0283;8;[0x09 0x32 0x09 0x32 0x00 0x00 0x00 0x00];PDO2_T;3;-;-;Transmit PDO2
373;169680,000;0x0383;8;[0x00 0x00 0x00 0x00 0x00 0x00 0x00 0x00];PDO3_T;3;-;-;Transmit PDO3
374;169680,000;0x0483;8;[0x00 0x00 0x00 0x00 0x00 0x00 0x00 0x00];PDO4_T;3;-;-;Transmit PDO4
375;170310,000;0x0709;1;;ERR_CTRL;9;-;-;Node-Guarding Request (RTR)
376;170680,000;0x0183;8;[0x00 0x00 0x00 0x00 0x00 0x00 0x00 0x00];PDO1_T;3;-;-;Transmit PDO1
377;170680,000;0x0283;8;[0x09 0x32 0x09 0x32 0x00 0x00 0x00 0x00];PDO2_T;3;-;-;Transmit PDO2
378;170680,000;0x0383;8;[0x00 0x00 0x00 0x00 0x00 0x00 0x00 0x00];PDO3_T;3;-;-;Transmit PDO3
379;170680,000;0x0483;8;[0x00 0x00 0x00 0x00 0x00 0x00 0x00 0x00];PDO4_T;3;-;-;Transmit PDO4
380;170960,000;0x0701;1;[0x05];ERR_CTRL;1;-;-;Heartbeat: Operational (2500.0 ms)
381;171180,000;0x0703;1;[0x05];ERR_CTRL;3;-;-;Heartbeat: Operational (2500.0 ms)
382;171310,000;0x0709;1;;ERR_CTRL;9;-;-;Node-Guarding Request (RTR)
383;171680,000;0x0183;8;[0x00 0x00 0x00 0x00 0x00 0x00 0x00 0x00];PDO1_T;3;-;-;Transmit PDO1
384;171680,000;0x0283;8;[0x09 0x32 0x09 0x32 0x00 0x00 0x00 0x00];PDO2_T;3;-;-;Transmit PDO2
385;171680,000;0x0383;8;[0x00 0x00 0x00 0x00 0x00 0x00 0x00 0x00];PDO3_T;3;-;-;Transmit PDO3
386;171680,000;0x0483;8;[0x00 0x00 0x00 0x00 0x00 0x00 0x00 0x00];PDO4_T;3;-;-;Transmit PDO4
387;172300,000;0x0709;1;;ERR_CTRL;9;-;-;Node-Guarding Request (RTR)
388;172680,000;0x0183;8;[0x00 0x00 0x00 0x00 0x00 0x00 0x00 0x00];PDO1_T;3;-;-;Transmit PDO1
389;172680,000;0x0283;8;[0x09 0x32 0x09 0x32 0x00 0x00 0x00 0x00];PDO2_T;3;-;-;Transmit PDO2
390;172680,000;0x0383;8;[0x00 0x00 0x00 0x00 0x00 0x00 0x00 0x00];PDO3_T;3;-;-;Transmit PDO3
391;172680,000;0x0483;8;[0x00 0x00 0x00 0x00 0x00 0x00 0x00 0x00];PDO4_T;3;-;-;Transmit PDO4
392;173460,000;0x0701;1;[0x05];ERR_CTRL;1;-;-;Heartbeat: Operational (2500.0 ms)
393;173680,000;0x0703;1;[0x05];ERR_CTRL;3;-;-;Heartbeat: Operational (2500.0 ms)
394;173680,000;0x0183;8;[0x00 0x00 0x00 0x00 0x00 0x00 0x00 0x00];PDO1_T;3;-;-;Transmit PDO1
395;173680,000;0x0283;8;[0x09 0x32 0x09 0x32 0x00 0x00 0x00 0x00];PDO2_T;3;-;-;Transmit PDO2
396;173680,000;0x0383;8;[0x00 0x00 0x00 0x00 0x00 0x00 0x00 0x00];PDO3_T;3;-;-;Transmit PDO3
397;173680,000;0x0483;8;[0x00 0x00 0x00 0x00 0x00 0x00 0x00 0x00];PDO4_T;3;-;-;Transmit PDO4
398;174400,000;0x0000;2;[0x01 0x09];NMT;9;-;-;NMT Start
399;174680,000;0x0183;8;[0x00 0x00 0x00 0x00 0x00 0x00 0x00 0x00];PDO1_T;3;-;-;Transmit PDO1
400;174680,000;0x0283;8;[0x09 0x32 0x09 0x32 0x00 0x00 0x00 0x00];PDO2_T;3;-;-;Transmit PDO2
401;174680,000;0x0383;8;[0x00 0x00 0x00 0x00 0x00 0x00 0x00 0x00];PDO3_T;3;-;-;Transmit PDO3
402;174680,000;0x0483;8;[0x00 0x00 0x00 0x00 0x00 0x00 0x00 0x00];PDO4_T;3;-;-;Transmit PDO4
403;175110,000;0x0709;1;;ERR_CTRL;9;-;-;Node-Guarding Request (RTR)
404;175680,000;0x0183;8;[0x00 0x00 0x00 0x00 0x00 0x00 0x00 0x00];PDO1_T;3;-;-;Transmit PDO1
405;175680,000;0x0283;8;[0x09 0x32 0x09 0x32 0x00 0x00 0x00 0x00];PDO2_T;3;-;-;Transmit PDO2
406;175680,000;0x0383;8;[0x00 0x00 0x00 0x00 0x00 0x00 0x00 0x00];PDO3_T;3;-;-;Transmit PDO3
407;175680,000;0x0483;8;[0x00 0x00 0x00 0x00 0x00 0x00 0x00 0x00];PDO4_T;3;-;-;Transmit PDO4
408;175960,000;0x0701;1;[0x05];ERR_CTRL;1;-;-;Heartbeat: Operational (2500.0 ms)
409;176180,000;0x0703;1;[0x05];ERR_CTRL;3;-;-;Heartbeat: Operational (2500.0 ms)
410;176380,000;0x0000;2;[0x01 0x09];NMT;9;-;-;NMT Start
411;176680,000;0x0183;8;[0x00 0x00 0x00 0x00 0x00 0x00 0x00 0x00];PDO1_T;3;-;-;Transmit PDO1
412;176680,000;0x0283;8;[0x09 0x32 0x09 0x32 0x00 0x00 0x00 0x00];PDO2_T;3;-;-;Transmit PDO2
413;176680,000;0x0383;8;[0x00 0x00 0x00 0x00 0x00 0x00 0x00 0x00];PDO3_T;3;-;-;Transmit PDO3
414;176680,000;0x0483;8;[0x00 0x00 0x00 0x00 0x00 0x00 0x00 0x00];PDO4_T;3;-;-;Transmit PDO4
415;177310,000;0x0709;1;;ERR_CTRL;9;-;-;Node-Guarding Request (RTR)
416;177680,000;0x0183;8;[0x00 0x00 0x00 0x00 0x00 0x00 0x00 0x00];PDO1_T;3;-;-;Transmit PDO1
417;177680,000;0x0283;8;[0x09 0x32 0x09 0x32 0x00 0x00 0x00 0x00];PDO2_T;3;-;-;Transmit PDO2
418;177680,000;0x0383;8;[0x00 0x00 0x00 0x00 0x00 0x00 0x00 0x00];PDO3_T;3;-;-;Transmit PDO3
419;177680,000;0x0483;8;[0x00 0x00 0x00 0x00 0x00 0x00 0x00 0x00];PDO4_T;3;-;-;Transmit PDO4
420;178430,000;0x0000;2;[0x01 0x09];NMT;9;-;-;NMT Start
421;178450,000;0x0701;1;[0x05];ERR_CTRL;1;-;-;Heartbeat: Operational (2490.0 ms)
422;178670,000;0x0703;1;[0x05];ERR_CTRL;3;-;-;Heartbeat: Operational (2490.0 ms)
423;178680,000;0x0183;8;[0x00 0x00 0x00 0x00 0x00 0x00 0x00 0x00];PDO1_T;3;-;-;Transmit PDO1
424;178680,000;0x0283;8;[0x09 0x32 0x09 0x32 0x00 0x00 0x00 0x00];PDO2_T;3;-;-;Transmit PDO2
425;178680,000;0x0383;8;[0x00 0x00 0x00 0x00 0x00 0x00 0x00 0x00];PDO3_T;3;-;-;Transmit PDO3
426;178680,000;0x0483;8;[0x00 0x00 0x00 0x00 0x00 0x00 0x00 0x00];PDO4_T;3;-;-;Transmit PDO4
427;179360,000;0x0709;1;;ERR_CTRL;9;-;-;Node-Guarding Request (RTR)
428;179670,000;0x0183;8;[0x00 0x00 0x00 0x00 0x00 0x00 0x00 0x00];PDO1_T;3;-;-;Transmit PDO1
429;179670,000;0x0283;8;[0x09 0x32 0x09 0x32 0x00 0x00 0x00 0x00];PDO2_T;3;-;-;Transmit PDO2
430;179670,000;0x0383;8;[0x00 0x00 0x00 0x00 0x00 0x00 0x00 0x00];PDO3_T;3;-;-;Transmit PDO3
431;179680,000;0x0483;8;[0x00 0x00 0x00 0x00 0x00 0x00 0x00 0x00];PDO4_T;3;-;-;Transmit PDO4
432;180480,000;0x0000;2;[0x01 0x09];NMT;9;-;-;NMT Start
433;180670,000;0x0183;8;[0x00 0x00 0x00 0x00 0x00 0x00 0x00 0x00];PDO1_T;3;-;-;Transmit PDO1
434;180670,000;0x0283;8;[0x09 0x32 0x09 0x32 0x00 0x00 0x00 0x00];PDO2_T;3;-;-;Transmit PDO2
435;180670,000;0x0383;8;[0x00 0x00 0x00 0x00 0x00 0x00 0x00 0x00];PDO3_T;3;-;-;Transmit PDO3
436;180670,000;0x0483;8;[0x00 0x00 0x00 0x00 0x00 0x00 0x00 0x00];PDO4_T;3;-;-;Transmit PDO4
437;180950,000;0x0701;1;[0x05];ERR_CTRL;1;-;-;Heartbeat: Operational (2500.0 ms)
438;181170,000;0x0703;1;[0x05];ERR_CTRL;3;-;-;Heartbeat: Operational (2500.0 ms)
439;181410,000;0x0709;1;;ERR_CTRL;9;-;-;Node-Guarding Request (RTR)
440;181470,000;0x0203;8;[0xc0 0x00 0x00 0x00 0x00 0x00 0x00 0x00];PDO1_R;3;-;-;Receive PDO1
441;181670,000;0x0183;8;[0x00 0x00 0x00 0x00 0x00 0x00 0x00 0x00];PDO1_T;3;-;-;Transmit PDO1
442;181670,000;0x0283;8;[0x09 0x32 0x09 0x32 0x00 0x00 0x00 0x00];PDO2_T;3;-;-;Transmit PDO2
443;181670,000;0x0383;8;[0x00 0x00 0x00 0x00 0x00 0x00 0x00 0x00];PDO3_T;3;-;-;Transmit PDO3
444;181670,000;0x0483;8;[0x00 0x00 0x00 0x00 0x00 0x00 0x00 0x00];PDO4_T;3;-;-;Transmit PDO4
445;182670,000;0x0183;8;[0x00 0x00 0x00 0x00 0x00 0x00 0x00 0x00];PDO1_T;3;-;-;Transmit PDO1
446;182670,000;0x0283;8;[0x09 0x32 0x09 0x32 0x00 0x00 0x00 0x00];PDO2_T;3;-;-;Transmit PDO2
447;182670,000;0x0383;8;[0x00 0x00 0x00 0x00 0x00 0x00 0x00 0x00];PDO3_T;3;-;-;Transmit PDO3
448;182670,000;0x0483;8;[0x00 0x00 0x00 0x00 0x00 0x00 0x00 0x00];PDO4_T;3;-;-;Transmit PDO4
449;183450,000;0x0701;1;[0x05];ERR_CTRL;1;-;-;Heartbeat: Operational (2500.0 ms)
450;183670,000;0x0703;1;[0x05];ERR_CTRL;3;-;-;Heartbeat: Operational (2500.0 ms)
451;183670,000;0x0183;8;[0x00 0x00 0x00 0x00 0x00 0x00 0x00 0x00];PDO1_T;3;-;-;Transmit PDO1
452;183670,000;0x0283;8;[0x09 0x32 0x09 0x32 0x00 0x00 0x00 0x00];PDO2_T;3;-;-;Transmit PDO2
453;183670,000;0x0383;8;[0x00 0x00 0x00 0x00 0x00 0x00 0x00 0x00];PDO3_T;3;-;-;Transmit PDO3
454;183670,000;0x0483;8;[0x00 0x00 0x00 0x00 0x00 0x00 0x00 0x00];PDO4_T;3;-;-;Transmit PDO4
455;184670,000;0x0183;8;[0x00 0x00 0x00 0x00 0x00 0x00 0x00 0x00];PDO1_T;3;-;-;Transmit PDO1
456;184670,000;0x0283;8;[0x09 0x32 0x09 0x32 0x00 0x00 0x00 0x00];PDO2_T;3;-;-;Transmit PDO2
457;184670,000;0x0383;8;[0x00 0x00 0x00 0x00 0x00 0x00 0x00 0x00];PDO3_T;3;-;-;Transmit PDO3
458;184670,000;0x0483;8;[0x00 0x00 0x00 0x00 0x00 0x00 0x00 0x00];PDO4_T;3;-;-;Transmit PDO4
459;185670,000;0x0183;8;[0x00 0x00 0x00 0x00 0x00 0x00 0x00 0x00];PDO1_T;3;-;-;Transmit PDO1
460;185670,000;0x0283;8;[0x09 0x32 0x09 0x32 0x00 0x00 0x00 0x00];PDO2_T;3;-;-;Transmit PDO2
461;185670,000;0x0383;8;[0x00 0x00 0x00 0x00 0x00 0x00 0x00 0x00];PDO3_T;3;-;-;Transmit PDO3
462;185670,000;0x0483;8;[0x00 0x00 0x00 0x00 0x00 0x00 0x00 0x00];PDO4_T;3;-;-;Transmit PDO4
463;185950,000;0x0701;1;[0x05];ERR_CTRL;1;-;-;Heartbeat: Operational (2500.0 ms)
464;186170,000;0x0703;1;[0x05];ERR_CTRL;3;-;-;Heartbeat: Operational (2500.0 ms)
465;186670,000;0x0183;8;[0x00 0x00 0x00 0x00 0x00 0x00 0x00 0x00];PDO1_T;3;-;-;Transmit PDO1
466;186670,000;0x0283;8;[0x09 0x32 0x09 0x32 0x00 0x00 0x00 0x00];PDO2_T;3;-;-;Transmit PDO2
467;186670,000;0x0383;8;[0x00 0x00 0x00 0x00 0x00 0x00 0x00 0x00];PDO3_T;3;-;-;Transmit PDO3
468;186670,000;0x0483;8;[0x00 0x00 0x00 0x00 0x00 0x00 0x00 0x00];PDO4_T;3;-;-;Transmit PDO4
469;187670,000;0x0183;8;[0x00 0x00 0x00 0x00 0x00 0x00 0x00 0x00];PDO1_T;3;-;-;Transmit PDO1
470;187670,000;0x0283;8;[0x09 0x32 0x09 0x32 0x00 0x00 0x00 0x00];PDO2_T;3;-;-;Transmit PDO2
471;187670,000;0x0383;8;[0x00 0x00 0x00 0x00 0x00 0x00 0x00 0x00];PDO3_T;3;-;-;Transmit PDO3
472;187670,000;0x0483;8;[0x00 0x00 0x00 0x00 0x00 0x00 0x00 0x00];PDO4_T;3;-;-;Transmit PDO4
473;188450,000;0x0701;1;[0x05];ERR_CTRL;1;-;-;Heartbeat: Operational (2500.0 ms)
474;188660,000;0x0703;1;[0x05];ERR_CTRL;3;-;-;Heartbeat: Operational (2490.0 ms)
475;188670,000;0x0183;8;[0x00 0x00 0x00 0x00 0x00 0x00 0x00 0x00];PDO1_T;3;-;-;Transmit PDO1
476;188670,000;0x0283;8;[0x09 0x32 0x09 0x32 0x00 0x00 0x00 0x00];PDO2_T;3;-;-;Transmit PDO2
477;188670,000;0x0383;8;[0x00 0x00 0x00 0x00 0x00 0x00 0x00 0x00];PDO3_T;3;-;-;Transmit PDO3
478;188670,000;0x0483;8;[0x00 0x00 0x00 0x00 0x00 0x00 0x00 0x00];PDO4_T;3;-;-;Transmit PDO4
479;189660,000;0x0183;8;[0x00 0x00 0x00 0x00 0x00 0x00 0x00 0x00];PDO1_T;3;-;-;Transmit PDO1
480;189660,000;0x0283;8;[0x09 0x32 0x09 0x32 0x00 0x00 0x00 0x00];PDO2_T;3;-;-;Transmit PDO2
481;189670,000;0x0383;8;[0x00 0x00 0x00 0x00 0x00 0x00 0x00 0x00];PDO3_T;3;-;-;Transmit PDO3
482;189670,000;0x0483;8;[0x00 0x00 0x00 0x00 0x00 0x00 0x00 0x00];PDO4_T;3;-;-;Transmit PDO4
483;190660,000;0x0183;8;[0x00 0x00 0x00 0x00 0x00 0x00 0x00 0x00];PDO1_T;3;-;-;Transmit PDO1
484;190660,000;0x0283;8;[0x09 0x32 0x09 0x32 0x00 0x00 0x00 0x00];PDO2_T;3;-;-;Transmit PDO2
485;190660,000;0x0383;8;[0x00 0x00 0x00 0x00 0x00 0x00 0x00 0x00];PDO3_T;3;-;-;Transmit PDO3
486;190660,000;0x0483;8;[0x00 0x00 0x00 0x00 0x00 0x00 0x00 0x00];PDO4_T;3;-;-;Transmit PDO4
487;190940,000;0x0701;1;[0x05];ERR_CTRL;1;-;-;Heartbeat: Operational (2490.0 ms)
488;191160,000;0x0703;1;[0x05];ERR_CTRL;3;-;-;Heartbeat: Operational (2500.0 ms)
489;191660,000;0x0183;8;[0x00 0x00 0x00 0x00 0x00 0x00 0x00 0x00];PDO1_T;3;-;-;Transmit PDO1
490;191660,000;0x0283;8;[0x09 0x32 0x09 0x32 0x00 0x00 0x00 0x00];PDO2_T;3;-;-;Transmit PDO2
491;191660,000;0x0383;8;[0x00 0x00 0x00 0x00 0x00 0x00 0x00 0x00];PDO3_T;3;-;-;Transmit PDO3
492;191660,000;0x0483;8;[0x00 0x00 0x00 0x00 0x00 0x00 0x00 0x00];PDO4_T;3;-;-;Transmit PDO4
493;192660,000;0x0183;8;[0x00 0x00 0x00 0x00 0x00 0x00 0x00 0x00];PDO1_T;3;-;-;Transmit PDO1
494;192660,000;0x0283;8;[0x09 0x32 0x09 0x32 0x00 0x00 0x00 0x00];PDO2_T;3;-;-;Transmit PDO2
495;192660,000;0x0383;8;[0x00 0x00 0x00 0x00 0x00 0x00 0x00 0x00];PDO3_T;3;-;-;Transmit PDO3
496;192660,000;0x0483;8;[0x00 0x00 0x00 0x00 0x00 0x00 0x00 0x00];PDO4_T;3;-;-;Transmit PDO4
497;193440,000;0x0701;1;[0x05];ERR_CTRL;1;-;-;Heartbeat: Operational (2500.0 ms)
498;193660,000;0x0703;1;[0x05];ERR_CTRL;3;-;-;Heartbeat: Operational (2500.0 ms)
499;193660,000;0x0183;8;[0x00 0x00 0x00 0x00 0x00 0x00 0x00 0x00];PDO1_T;3;-;-;Transmit PDO1
500;193660,000;0x0283;8;[0x09 0x32 0x09 0x32 0x00 0x00 0x00 0x00];PDO2_T;3;-;-;Transmit PDO2
501;193660,000;0x0383;8;[0x00 0x00 0x00 0x00 0x00 0x00 0x00 0x00];PDO3_T;3;-;-;Transmit PDO3
502;193660,000;0x0483;8;[0x00 0x00 0x00 0x00 0x00 0x00 0x00 0x00];PDO4_T;3;-;-;Transmit PDO4
503;194330,000;0x0089;0;[];EMCY;9;-;-;wrong EMCY with DLC=0
504;194660,000;0x0183;8;[0x00 0x00 0x00 0x00 0x00 0x00 0x00 0x00];PDO1_T;3;-;-;Transmit PDO1
505;194660,000;0x0283;8;[0x09 0x32 0x09 0x32 0x00 0x00 0x00 0x00];PDO2_T;3;-;-;Transmit PDO2
506;194660,000;0x0383;8;[0x00 0x00 0x00 0x00 0x00 0x00 0x00 0x00];PDO3_T;3;-;-;Transmit PDO3
507;194660,000;0x0483;8;[0x00 0x00 0x00 0x00 0x00 0x00 0x00 0x00];PDO4_T;3;-;-;Transmit PDO4
508;195660,000;0x0183;8;[0x00 0x00 0x00 0x00 0x00 0x00 0x00 0x00];PDO1_T;3;-;-;Transmit PDO1
509;195660,000;0x0283;8;[0x09 0x32 0x09 0x32 0x00 0x00 0x00 0x00];PDO2_T;3;-;-;Transmit PDO2
510;195660,000;0x0383;8;[0x00 0x00 0x00 0x00 0x00 0x00 0x00 0x00];PDO3_T;3;-;-;Transmit PDO3
511;195660,000;0x0483;8;[0x00 0x00 0x00 0x00 0x00 0x00 0x00 0x00];PDO4_T;3;-;-;Transmit PDO4
512;195940,000;0x0701;1;[0x05];ERR_CTRL;1;-;-;Heartbeat: Operational (2500.0 ms)
513;196160,000;0x0703;1;[0x05];ERR_CTRL;3;-;-;Heartbeat: Operational (2500.0 ms)
514;196660,000;0x0183;8;[0x00 0x00 0x00 0x00 0x00 0x00 0x00 0x00];PDO1_T;3;-;-;Transmit PDO1
515;196660,000;0x0283;8;[0x09 0x32 0x09 0x32 0x00 0x00 0x00 0x00];PDO2_T;3;-;-;Transmit PDO2
516;196660,000;0x0383;8;[0x00 0x00 0x00 0x00 0x00 0x00 0x00 0x00];PDO3_T;3;-;-;Transmit PDO3
517;196660,000;0x0483;8;[0x00 0x00 0x00 0x00 0x00 0x00 0x00 0x00];PDO4_T;3;-;-;Transmit PDO4
518;197640,000;0x0609;8;[0x40 0x08 0x10 0x00 0x00 0x00 0x00 0x00];SDO_R;9;0x1008;0;client: initiate upload request
519;197640,000;0x0589;8;[0x80 0x08 0x10 0x00 0x00 0x00 0x02 0x06];SDO_T;9;-;-;server: abort transfer request: "Object does not exist in the object dictionary." 
520;197660,000;0x0183;8;[0x00 0x00 0x00 0x00 0x00 0x00 0x00 0x00];PDO1_T;3;-;-;Transmit PDO1
521;197660,000;0x0283;8;[0x09 0x32 0x09 0x32 0x00 0x00 0x00 0x00];PDO2_T;3;-;-;Transmit PDO2
522;197660,000;0x0383;8;[0x00 0x00 0x00 0x00 0x00 0x00 0x00 0x00];PDO3_T;3;-;-;Transmit PDO3
523;197660,000;0x0483;8;[0x00 0x00 0x00 0x00 0x00 0x00 0x00 0x00];PDO4_T;3;-;-;Transmit PDO4
524;197780,000;0x0609;8;[0x40 0x09 0x10 0x00 0x00 0x00 0x00 0x00];SDO_R;9;0x1009;0;client: initiate upload request
525;197780,000;0x0589;8;[0x80 0x09 0x10 0x00 0x00 0x00 0x02 0x06];SDO_T;9;-;-;server: abort transfer request: "Object does not exist in the object dictionary." 
526;197920,000;0x0609;8;[0x40 0x0a 0x10 0x00 0x00 0x00 0x00 0x00];SDO_R;9;0x100a;0;client: initiate upload request
527;197930,000;0x0589;8;[0x80 0x0a 0x10 0x00 0x00 0x00 0x02 0x06];SDO_T;9;-;-;server: abort transfer request: "Object does not exist in the object dictionary." 
528;198110,000;0x0609;8;[0x2b 0x0c 0x10 0x00 0xdc 0x05 0x00 0x00];SDO_R;9;0x100c;0;client: download request = [0xdc 0x05] --> [\xdc\x05]
529;198110,000;0x0589;8;[0x60 0x0c 0x10 0x00 0x00 0x00 0x00 0x00];SDO_T;9;0x100c;0;server: initiate download response
530;198210,000;0x0609;8;[0x2f 0x0d 0x10 0x00 0x02 0x00 0x00 0x00];SDO_R;9;0x100d;0;client: download request = [0x02] --> Life time factor = 2
531;198210,000;0x0589;8;[0x60 0x0d 0x10 0x00 0x00 0x00 0x00 0x00];SDO_T;9;0x100d;0;server: initiate download response
532;198370,000;0x0203;8;[0x40 0x00 0x00 0x00 0x00 0x00 0x00 0x00];PDO1_R;3;-;-;Receive PDO1
533;198440,000;0x0701;1;[0x05];ERR_CTRL;1;-;-;Heartbeat: Operational (2500.0 ms)
534;198530,000;0x0709;1;;ERR_CTRL;9;-;-;Node-Guarding Request (RTR)
535;198530,000;0x0709;1;[0x7f];ERR_CTRL;9;-;-;Heartbeat: Preoperational (29220.0 ms)
536;198650,000;0x0703;1;[0x05];ERR_CTRL;3;-;-;Heartbeat: Operational (2490.0 ms)
537;198660,000;0x0183;8;[0x00 0x00 0x00 0x00 0x00 0x00 0x00 0x00];PDO1_T;3;-;-;Transmit PDO1
538;198660,000;0x0283;8;[0x09 0x32 0x09 0x32 0x00 0x00 0x00 0x00];PDO2_T;3;-;-;Transmit PDO2
539;198660,000;0x0383;8;[0x00 0x00 0x00 0x00 0x00 0x00 0x00 0x00];PDO3_T;3;-;-;Transmit PDO3
540;198660,000;0x0483;8;[0x00 0x00 0x00 0x00 0x00 0x00 0x00 0x00];PDO4_T;3;-;-;Transmit PDO4
541;199200,000;0x0203;8;[0xc0 0x00 0x00 0x00 0x00 0x00 0x00 0x00];PDO1_R;3;-;-;Receive PDO1
542;199470,000;0x0000;2;[0x01 0x09];NMT;9;-;-;NMT Start
543;199480,000;0x0189;8;[0x00 0x00 0x00 0x00 0x00 0x00 0x00 0x00];PDO1_T;9;-;-;Transmit PDO1
544;199480,000;0x0289;8;[0xbf 0x01 0xff 0x03 0x8b 0x00 0x22 0x00];PDO2_T;9;-;-;Transmit PDO2
545;199480,000;0x0389;8;[0x8e 0x00 0x2a 0x00 0x23 0x00 0x23 0x00];PDO3_T;9;-;-;Transmit PDO3
546;199490,000;0x0489;8;[0x00 0x00 0x00 0x00 0x00 0x00 0x00 0x00];PDO4_T;9;-;-;Transmit PDO4
547;199530,000;0x0709;1;;ERR_CTRL;9;-;-;Node-Guarding Request (RTR)
548;199530,000;0x0709;1;[0x85];ERR_CTRL;9;-;-;Heartbeat: Operational (1000.0 ms)
549;199650,000;0x0609;8;[0x40 0x01 0x20 0x07 0x00 0x00 0x00 0x00];SDO_R;9;0x2001;7;client: initiate upload request
550;199650,000;0x0589;8;[0x4b 0x01 0x20 0x07 0x00 0x00 0x00 0x00];SDO_T;9;0x2001;7;server: upload response = [0x00 0x00] --> [\x00\x00]
551;199660,000;0x0183;8;[0x00 0x00 0x00 0x00 0x00 0x00 0x00 0x00];PDO1_T;3;-;-;Transmit PDO1
552;199660,000;0x0283;8;[0x09 0x32 0x09 0x32 0x00 0x00 0x00 0x00];PDO2_T;3;-;-;Transmit PDO2
553;199660,000;0x0383;8;[0x00 0x00 0x00 0x00 0x00 0x00 0x00 0x00];PDO3_T;3;-;-;Transmit PDO3
554;199660,000;0x0483;8;[0x00 0x00 0x00 0x00 0x00 0x00 0x00 0x00];PDO4_T;3;-;-;Transmit PDO4
555;199790,000;0x0609;8;[0x40 0x00 0x20 0x01 0x00 0x00 0x00 0x00];SDO_R;9;0x2000;1;client: initiate upload request
556;199800,000;0x0589;8;[0x4b 0x00 0x20 0x01 0xec 0x03 0x00 0x00];SDO_T;9;0x2000;1;server: upload response = [0xec 0x03] --> [\xec\x03]
557;199940,000;0x0609;8;[0x40 0x00 0x20 0x02 0x00 0x00 0x00 0x00];SDO_R;9;0x2000;2;client: initiate upload request
558;199940,000;0x0589;8;[0x4b 0x00 0x20 0x02 0xeb 0x03 0x00 0x00];SDO_T;9;0x2000;2;server: upload response = [0xeb 0x03] --> [\xeb\x03]
559;200080,000;0x0609;8;[0x40 0x00 0x20 0x03 0x00 0x00 0x00 0x00];SDO_R;9;0x2000;3;client: initiate upload request
560;200090,000;0x0589;8;[0x4b 0x00 0x20 0x03 0xeb 0x03 0x00 0x00];SDO_T;9;0x2000;3;server: upload response = [0xeb 0x03] --> [\xeb\x03]
561;200230,000;0x0609;8;[0x40 0x00 0x20 0x04 0x00 0x00 0x00 0x00];SDO_R;9;0x2000;4;client: initiate upload request
562;200230,000;0x0589;8;[0x4b 0x00 0x20 0x04 0xe8 0x03 0x00 0x00];SDO_T;9;0x2000;4;server: upload response = [0xe8 0x03] --> [\xe8\x03]
563;200370,000;0x0609;8;[0x40 0x00 0x20 0x05 0x00 0x00 0x00 0x00];SDO_R;9;0x2000;5;client: initiate upload request
564;200380,000;0x0589;8;[0x4b 0x00 0x20 0x05 0xe8 0x03 0x00 0x00];SDO_T;9;0x2000;5;server: upload response = [0xe8 0x03] --> [\xe8\x03]
565;200470,000;0x0289;8;[0xc0 0x01 0xff 0x03 0x8b 0x00 0x22 0x00];PDO2_T;9;-;-;Transmit PDO2
566;200470,000;0x0389;8;[0xae 0x00 0x2c 0x00 0x24 0x00 0x23 0x00];PDO3_T;9;-;-;Transmit PDO3
567;200510,000;0x0609;8;[0x40 0x00 0x20 0x06 0x00 0x00 0x00 0x00];SDO_R;9;0x2000;6;client: initiate upload request
568;200520,000;0x0589;8;[0x4b 0x00 0x20 0x06 0xe8 0x03 0x00 0x00];SDO_T;9;0x2000;6;server: upload response = [0xe8 0x03] --> [\xe8\x03]
569;200530,000;0x0709;1;;ERR_CTRL;9;-;-;Node-Guarding Request (RTR)
570;200530,000;0x0709;1;[0x05];ERR_CTRL;9;-;-;Heartbeat: Operational (1000.0 ms)
571;200650,000;0x0183;8;[0x00 0x00 0x00 0x00 0x00 0x00 0x00 0x00];PDO1_T;3;-;-;Transmit PDO1
572;200650,000;0x0283;8;[0x09 0x32 0x09 0x32 0x00 0x00 0x00 0x00];PDO2_T;3;-;-;Transmit PDO2
573;200660,000;0x0383;8;[0x00 0x00 0x00 0x00 0x00 0x00 0x00 0x00];PDO3_T;3;-;-;Transmit PDO3
574;200660,000;0x0483;8;[0x00 0x00 0x00 0x00 0x00 0x00 0x00 0x00];PDO4_T;3;-;-;Transmit PDO4
575;200930,000;0x0701;1;[0x05];ERR_CTRL;1;-;-;Heartbeat: Operational (2490.0 ms)
576;201150,000;0x0703;1;[0x05];ERR_CTRL;3;-;-;Heartbeat: Operational (2500.0 ms)
577;201270,000;0x0000;2;[0x01 0x09];NMT;9;-;-;NMT Start
578;201410,000;0x0000;2;[0x01 0x09];NMT;9;-;-;NMT Start
579;201470,000;0x0189;8;[0x00 0x00 0x00 0x00 0x00 0x00 0x00 0x00];PDO1_T;9;-;-;Transmit PDO1
580;201470,000;0x0289;8;[0xbf 0x01 0xff 0x03 0x8b 0x00 0x22 0x00];PDO2_T;9;-;-;Transmit PDO2
581;201480,000;0x0389;8;[0xce 0x00 0x2f 0x00 0x24 0x00 0x24 0x00];PDO3_T;9;-;-;Transmit PDO3
582;201480,000;0x0489;8;[0x00 0x00 0x00 0x00 0x00 0x00 0x00 0x00];PDO4_T;9;-;-;Transmit PDO4
583;201530,000;0x0709;1;;ERR_CTRL;9;-;-;Node-Guarding Request (RTR)
584;201530,000;0x0709;1;[0x85];ERR_CTRL;9;-;-;Heartbeat: Operational (1000.0 ms)
585;201560,000;0x0000;2;[0x01 0x09];NMT;9;-;-;NMT Start
586;201650,000;0x0183;8;[0x00 0x00 0x00 0x00 0x00 0x00 0x00 0x00];PDO1_T;3;-;-;Transmit PDO1
587;201650,000;0x0283;8;[0x09 0x32 0x09 0x32 0x00 0x00 0x00 0x00];PDO2_T;3;-;-;Transmit PDO2
588;201650,000;0x0383;8;[0x00 0x00 0x00 0x00 0x00 0x00 0x00 0x00];PDO3_T;3;-;-;Transmit PDO3
589;201650,000;0x0483;8;[0x00 0x00 0x00 0x00 0x00 0x00 0x00 0x00];PDO4_T;3;-;-;Transmit PDO4
590;201700,000;0x0000;2;[0x01 0x09];NMT;9;-;-;NMT Start
591;201840,000;0x0000;2;[0x01 0x09];NMT;9;-;-;NMT Start
592;201970,000;0x0189;8;[0x00 0x00 0x00 0x00 0x00 0x00 0x00 0x00];PDO1_T;9;-;-;Transmit PDO1
593;201970,000;0x0289;8;[0xbf 0x01 0xff 0x03 0x8b 0x00 0x22 0x00];PDO2_T;9;-;-;Transmit PDO2
594;201980,000;0x0389;8;[0xce 0x00 0x2f 0x00 0x24 0x00 0x24 0x00];PDO3_T;9;-;-;Transmit PDO3
595;201980,000;0x0489;8;[0x00 0x00 0x00 0x00 0x00 0x00 0x00 0x00];PDO4_T;9;-;-;Transmit PDO4
596;201990,000;0x0000;2;[0x01 0x09];NMT;9;-;-;NMT Start
597;202130,000;0x0000;2;[0x01 0x09];NMT;9;-;-;NMT Start
598;202280,000;0x0000;2;[0x01 0x09];NMT;9;-;-;NMT Start
599;202420,000;0x0000;2;[0x01 0x09];NMT;9;-;-;NMT Start
600;202470,000;0x0189;8;[0x00 0x00 0x00 0x00 0x00 0x00 0x00 0x00];PDO1_T;9;-;-;Transmit PDO1
601;202470,000;0x0289;8;[0xbf 0x01 0xff 0x03 0x8b 0x00 0x22 0x00];PDO2_T;9;-;-;Transmit PDO2
602;202480,000;0x0389;8;[0xce 0x00 0x2f 0x00 0x24 0x00 0x24 0x00];PDO3_T;9;-;-;Transmit PDO3
603;202480,000;0x0489;8;[0x00 0x00 0x00 0x00 0x00 0x00 0x00 0x00];PDO4_T;9;-;-;Transmit PDO4
604;202520,000;0x0709;1;;ERR_CTRL;9;-;-;Node-Guarding Request (RTR)
605;202520,000;0x0709;1;[0x05];ERR_CTRL;9;-;-;Heartbeat: Operational (990.0 ms)
606;202560,000;0x0000;2;[0x01 0x09];NMT;9;-;-;NMT Start
607;202650,000;0x0183;8;[0x00 0x00 0x00 0x00 0x00 0x00 0x00 0x00];PDO1_T;3;-;-;Transmit PDO1
608;202650,000;0x0283;8;[0x09 0x32 0x09 0x32 0x00 0x00 0x00 0x00];PDO2_T;3;-;-;Transmit PDO2
609;202650,000;0x0383;8;[0x00 0x00 0x00 0x00 0x00 0x00 0x00 0x00];PDO3_T;3;-;-;Transmit PDO3
610;202650,000;0x0483;8;[0x00 0x00 0x00 0x00 0x00 0x00 0x00 0x00];PDO4_T;3;-;-;Transmit PDO4
611;202710,000;0x0000;2;[0x01 0x09];NMT;9;-;-;NMT Start
612;202850,000;0x0000;2;[0x01 0x09];NMT;9;-;-;NMT Start
613;202970,000;0x0189;8;[0x00 0x00 0x00 0x00 0x00 0x00 0x00 0x00];PDO1_T;9;-;-;Transmit PDO1
614;202970,000;0x0289;8;[0xbf 0x01 0xff 0x03 0x8b 0x00 0x22 0x00];PDO2_T;9;-;-;Transmit PDO2
615;202980,000;0x0389;8;[0xce 0x00 0x2f 0x00 0x24 0x00 0x24 0x00];PDO3_T;9;-;-;Transmit PDO3
616;202980,000;0x0489;8;[0x00 0x00 0x00 0x00 0x00 0x00 0x00 0x00];PDO4_T;9;-;-;Transmit PDO4
617;202990,000;0x0000;2;[0x01 0x09];NMT;9;-;-;NMT Start
618;203140,000;0x0000;2;[0x01 0x09];NMT;9;-;-;NMT Start
619;203280,000;0x0000;2;[0x01 0x09];NMT;9;-;-;NMT Start
620;203430,000;0x0000;2;[0x01 0x09];NMT;9;-;-;NMT Start
621;203430,000;0x0701;1;[0x05];ERR_CTRL;1;-;-;Heartbeat: Operational (2500.0 ms)
622;203470,000;0x0189;8;[0x00 0x00 0x00 0x00 0x00 0x00 0x00 0x00];PDO1_T;9;-;-;Transmit PDO1
623;203470,000;0x0289;8;[0xbe 0x01 0xff 0x03 0x8b 0x00 0x22 0x00];PDO2_T;9;-;-;Transmit PDO2
624;203480,000;0x0389;8;[0xed 0x00 0x32 0x00 0x23 0x00 0x23 0x00];PDO3_T;9;-;-;Transmit PDO3
625;203480,000;0x0489;8;[0x00 0x00 0x00 0x00 0x00 0x00 0x00 0x00];PDO4_T;9;-;-;Transmit PDO4
626;203520,000;0x0709;1;;ERR_CTRL;9;-;-;Node-Guarding Request (RTR)
627;203520,000;0x0709;1;[0x85];ERR_CTRL;9;-;-;Heartbeat: Operational (1000.0 ms)
628;203570,000;0x0000;2;[0x01 0x09];NMT;9;-;-;NMT Start
629;203650,000;0x0703;1;[0x05];ERR_CTRL;3;-;-;Heartbeat: Operational (2500.0 ms)
630;203650,000;0x0183;8;[0x00 0x00 0x00 0x00 0x00 0x00 0x00 0x00];PDO1_T;3;-;-;Transmit PDO1
631;203650,000;0x0283;8;[0x09 0x32 0x09 0x32 0x00 0x00 0x00 0x00];PDO2_T;3;-;-;Transmit PDO2
632;203650,000;0x0383;8;[0x00 0x00 0x00 0x00 0x00 0x00 0x00 0x00];PDO3_T;3;-;-;Transmit PDO3
633;203650,000;0x0483;8;[0x00 0x00 0x00 0x00 0x00 0x00 0x00 0x00];PDO4_T;3;-;-;Transmit PDO4
634;203710,000;0x0000;2;[0x01 0x09];NMT;9;-;-;NMT Start
635;203860,000;0x0000;2;[0x01 0x09];NMT;9;-;-;NMT Start
636;203970,000;0x0189;8;[0x00 0x00 0x00 0x00 0x00 0x00 0x00 0x00];PDO1_T;9;-;-;Transmit PDO1
637;203970,000;0x0289;8;[0xbe 0x01 0xff 0x03 0x8b 0x00 0x22 0x00];PDO2_T;9;-;-;Transmit PDO2
638;203980,000;0x0389;8;[0xed 0x00 0x32 0x00 0x23 0x00 0x23 0x00];PDO3_T;9;-;-;Transmit PDO3
639;203980,000;0x0489;8;[0x00 0x00 0x00 0x00 0x00 0x00 0x00 0x00];PDO4_T;9;-;-;Transmit PDO4
640;204000,000;0x0000;2;[0x01 0x09];NMT;9;-;-;NMT Start
641;204150,000;0x0000;2;[0x01 0x09];NMT;9;-;-;NMT Start
642;204290,000;0x0000;2;[0x01 0x09];NMT;9;-;-;NMT Start
643;204430,000;0x0000;2;[0x01 0x09];NMT;9;-;-;NMT Start
644;204470,000;0x0189;8;[0x00 0x00 0x00 0x00 0x00 0x00 0x00 0x00];PDO1_T;9;-;-;Transmit PDO1
645;204470,000;0x0289;8;[0xbf 0x01 0xff 0x03 0x8b 0x00 0x22 0x00];PDO2_T;9;-;-;Transmit PDO2
646;204480,000;0x0389;8;[0x0c 0x01 0x35 0x00 0x23 0x00 0x23 0x00];PDO3_T;9;-;-;Transmit PDO3
647;204480,000;0x0489;8;[0x00 0x00 0x00 0x00 0x00 0x00 0x00 0x00];PDO4_T;9;-;-;Transmit PDO4
648;204520,000;0x0709;1;;ERR_CTRL;9;-;-;Node-Guarding Request (RTR)
649;204520,000;0x0709;1;[0x05];ERR_CTRL;9;-;-;Heartbeat: Operational (1000.0 ms)
650;204580,000;0x0000;2;[0x01 0x09];NMT;9;-;-;NMT Start
651;204650,000;0x0183;8;[0x00 0x00 0x00 0x00 0x00 0x00 0x00 0x00];PDO1_T;3;-;-;Transmit PDO1
652;204650,000;0x0283;8;[0x09 0x32 0x09 0x32 0x00 0x00 0x00 0x00];PDO2_T;3;-;-;Transmit PDO2
653;204650,000;0x0383;8;[0x00 0x00 0x00 0x00 0x00 0x00 0x00 0x00];PDO3_T;3;-;-;Transmit PDO3
654;204650,000;0x0483;8;[0x00 0x00 0x00 0x00 0x00 0x00 0x00 0x00];PDO4_T;3;-;-;Transmit PDO4
655;204720,000;0x0000;2;[0x01 0x09];NMT;9;-;-;NMT Start
656;204870,000;0x0000;2;[0x01 0x09];NMT;9;-;-;NMT Start
657;204970,000;0x0189;8;[0x00 0x00 0x00 0x00 0x00 0x00 0x00 0x00];PDO1_T;9;-;-;Transmit PDO1
658;204970,000;0x0289;8;[0xbf 0x01 0xff 0x03 0x8b 0x00 0x22 0x00];PDO2_T;9;-;-;Transmit PDO2
659;204980,000;0x0389;8;[0x0c 0x01 0x35 0x00 0x23 0x00 0x23 0x00];PDO3_T;9;-;-;Transmit PDO3
660;204980,000;0x0489;8;[0x00 0x00 0x00 0x00 0x00 0x00 0x00 0x00];PDO4_T;9;-;-;Transmit PDO4
661;205010,000;0x0000;2;[0x01 0x09];NMT;9;-;-;NMT Start
662;205150,000;0x0000;2;[0x01 0x09];NMT;9;-;-;NMT Start
663;205300,000;0x0000;2;[0x01 0x09];NMT;9;-;-;NMT Start
664;205440,000;0x0000;2;[0x01 0x09];NMT;9;-;-;NMT Start
665;205470,000;0x0189;8;[0x00 0x00 0x00 0x00 0x00 0x00 0x00 0x00];PDO1_T;9;-;-;Transmit PDO1
666;205470,000;0x0289;8;[0xbf 0x01 0xff 0x03 0x8b 0x00 0x23 0x00];PDO2_T;9;-;-;Transmit PDO2
667;205480,000;0x0389;8;[0x2b 0x01 0x37 0x00 0x23 0x00 0x23 0x00];PDO3_T;9;-;-;Transmit PDO3
668;205480,000;0x0489;8;[0x00 0x00 0x00 0x00 0x00 0x00 0x00 0x00];PDO4_T;9;-;-;Transmit PDO4
669;205520,000;0x0709;1;;ERR_CTRL;9;-;-;Node-Guarding Request (RTR)
670;205520,000;0x0709;1;[0x85];ERR_CTRL;9;-;-;Heartbeat: Operational (1000.0 ms)
671;205580,000;0x0000;2;[0x01 0x09];NMT;9;-;-;NMT Start
672;205650,000;0x0183;8;[0x00 0x00 0x00 0x00 0x00 0x00 0x00 0x00];PDO1_T;3;-;-;Transmit PDO1
673;205650,000;0x0283;8;[0x09 0x32 0x09 0x32 0x00 0x00 0x00 0x00];PDO2_T;3;-;-;Transmit PDO2
674;205650,000;0x0383;8;[0x00 0x00 0x00 0x00 0x00 0x00 0x00 0x00];PDO3_T;3;-;-;Transmit PDO3
675;205650,000;0x0483;8;[0x00 0x00 0x00 0x00 0x00 0x00 0x00 0x00];PDO4_T;3;-;-;Transmit PDO4
676;205730,000;0x0000;2;[0x01 0x09];NMT;9;-;-;NMT Start
677;205870,000;0x0000;2;[0x01 0x09];NMT;9;-;-;NMT Start
678;205930,000;0x0701;1;[0x05];ERR_CTRL;1;-;-;Heartbeat: Operational (2500.0 ms)
679;205970,000;0x0189;8;[0x00 0x00 0x00 0x00 0x00 0x00 0x00 0x00];PDO1_T;9;-;-;Transmit PDO1
680;205970,000;0x0289;8;[0xbf 0x01 0xff 0x03 0x8b 0x00 0x23 0x00];PDO2_T;9;-;-;Transmit PDO2
681;205980,000;0x0389;8;[0x2b 0x01 0x37 0x00 0x23 0x00 0x23 0x00];PDO3_T;9;-;-;Transmit PDO3
682;205980,000;0x0489;8;[0x00 0x00 0x00 0x00 0x00 0x00 0x00 0x00];PDO4_T;9;-;-;Transmit PDO4
683;206020,000;0x0000;2;[0x01 0x09];NMT;9;-;-;NMT Start
684;206150,000;0x0703;1;[0x05];ERR_CTRL;3;-;-;Heartbeat: Operational (2500.0 ms)
685;206160,000;0x0000;2;[0x01 0x09];NMT;9;-;-;NMT Start
686;206300,000;0x0000;2;[0x01 0x09];NMT;9;-;-;NMT Start
687;206450,000;0x0000;2;[0x01 0x09];NMT;9;-;-;NMT Start
688;206470,000;0x0189;8;[0x00 0x00 0x00 0x00 0x00 0x00 0x00 0x00];PDO1_T;9;-;-;Transmit PDO1
689;206480,000;0x0289;8;[0xbf 0x01 0xff 0x03 0x8b 0x00 0x23 0x00];PDO2_T;9;-;-;Transmit PDO2
690;206480,000;0x0389;8;[0x2b 0x01 0x37 0x00 0x23 0x00 0x23 0x00];PDO3_T;9;-;-;Transmit PDO3
691;206480,000;0x0489;8;[0x00 0x00 0x00 0x00 0x00 0x00 0x00 0x00];PDO4_T;9;-;-;Transmit PDO4
692;206520,000;0x0709;1;;ERR_CTRL;9;-;-;Node-Guarding Request (RTR)
693;206520,000;0x0709;1;[0x05];ERR_CTRL;9;-;-;Heartbeat: Operational (1000.0 ms)
694;206590,000;0x0000;2;[0x01 0x09];NMT;9;-;-;NMT Start
695;206650,000;0x0183;8;[0x00 0x00 0x00 0x00 0x00 0x00 0x00 0x00];PDO1_T;3;-;-;Transmit PDO1
696;206650,000;0x0283;8;[0x09 0x32 0x09 0x32 0x00 0x00 0x00 0x00];PDO2_T;3;-;-;Transmit PDO2
697;206650,000;0x0383;8;[0x00 0x00 0x00 0x00 0x00 0x00 0x00 0x00];PDO3_T;3;-;-;Transmit PDO3
698;206650,000;0x0483;8;[0x00 0x00 0x00 0x00 0x00 0x00 0x00 0x00];PDO4_T;3;-;-;Transmit PDO4
699;206740,000;0x0000;2;[0x01 0x09];NMT;9;-;-;NMT Start
700;206880,000;0x0000;2;[0x01 0x09];NMT;9;-;-;NMT Start
701;206970,000;0x0189;8;[0x00 0x00 0x00 0x00 0x00 0x00 0x00 0x00];PDO1_T;9;-;-;Transmit PDO1
702;206980,000;0x0289;8;[0xbf 0x01 0xff 0x03 0x8b 0x00 0x23 0x00];PDO2_T;9;-;-;Transmit PDO2
703;206980,000;0x0389;8;[0x2b 0x01 0x37 0x00 0x23 0x00 0x23 0x00];PDO3_T;9;-;-;Transmit PDO3
704;206980,000;0x0489;8;[0x00 0x00 0x00 0x00 0x00 0x00 0x00 0x00];PDO4_T;9;-;-;Transmit PDO4
705;207020,000;0x0000;2;[0x01 0x09];NMT;9;-;-;NMT Start
706;207170,000;0x0000;2;[0x01 0x09];NMT;9;-;-;NMT Start
707;207310,000;0x0000;2;[0x01 0x09];NMT;9;-;-;NMT Start
708;207450,000;0x0000;2;[0x01 0x09];NMT;9;-;-;NMT Start
709;207470,000;0x0189;8;[0x00 0x00 0x00 0x00 0x00 0x00 0x00 0x00];PDO1_T;9;-;-;Transmit PDO1
710;207470,000;0x0289;8;[0xbf 0x01 0xff 0x03 0x8b 0x00 0x22 0x00];PDO2_T;9;-;-;Transmit PDO2
711;207480,000;0x0389;8;[0x49 0x01 0x3a 0x00 0x23 0x00 0x23 0x00];PDO3_T;9;-;-;Transmit PDO3
712;207480,000;0x0489;8;[0x00 0x00 0x00 0x00 0x00 0x00 0x00 0x00];PDO4_T;9;-;-;Transmit PDO4
713;207520,000;0x0709;1;;ERR_CTRL;9;-;-;Node-Guarding Request (RTR)
714;207520,000;0x0709;1;[0x85];ERR_CTRL;9;-;-;Heartbeat: Operational (1000.0 ms)
715;207600,000;0x0000;2;[0x01 0x09];NMT;9;-;-;NMT Start
716;207650,000;0x0183;8;[0x00 0x00 0x00 0x00 0x00 0x00 0x00 0x00];PDO1_T;3;-;-;Transmit PDO1
717;207650,000;0x0283;8;[0x09 0x32 0x09 0x32 0x00 0x00 0x00 0x00];PDO2_T;3;-;-;Transmit PDO2
718;207650,000;0x0383;8;[0x00 0x00 0x00 0x00 0x00 0x00 0x00 0x00];PDO3_T;3;-;-;Transmit PDO3
719;207650,000;0x0483;8;[0x00 0x00 0x00 0x00 0x00 0x00 0x00 0x00];PDO4_T;3;-;-;Transmit PDO4
720;207740,000;0x0000;2;[0x01 0x09];NMT;9;-;-;NMT Start
721;207890,000;0x0000;2;[0x01 0x09];NMT;9;-;-;NMT Start
722;207970,000;0x0189;8;[0x00 0x00 0x00 0x00 0x00 0x00 0x00 0x00];PDO1_T;9;-;-;Transmit PDO1
723;207980,000;0x0289;8;[0xbf 0x01 0xff 0x03 0x8b 0x00 0x22 0x00];PDO2_T;9;-;-;Transmit PDO2
724;207980,000;0x0389;8;[0x49 0x01 0x3a 0x00 0x23 0x00 0x23 0x00];PDO3_T;9;-;-;Transmit PDO3
725;207980,000;0x0489;8;[0x00 0x00 0x00 0x00 0x00 0x00 0x00 0x00];PDO4_T;9;-;-;Transmit PDO4
726;208030,000;0x0000;2;[0x01 0x09];NMT;9;-;-;NMT Start
727;208170,000;0x0000;2;[0x01 0x09];NMT;9;-;-;NMT Start
728;208320,000;0x0000;2;[0x01 0x09];NMT;9;-;-;NMT Start
729;208430,000;0x0701;1;[0x05];ERR_CTRL;1;-;-;Heartbeat: Operational (2500.0 ms)
730;208470,000;0x0189;8;[0x00 0x00 0x00 0x00 0x00 0x00 0x00 0x00];PDO1_T;9;-;-;Transmit PDO1
731;208470,000;0x0289;8;[0xbf 0x01 0xff 0x03 0x8b 0x00 0x22 0x00];PDO2_T;9;-;-;Transmit PDO2
732;208480,000;0x0389;8;[0x67 0x01 0x3e 0x00 0x23 0x00 0x23 0x00];PDO3_T;9;-;-;Transmit PDO3
733;208480,000;0x0489;8;[0x00 0x00 0x00 0x00 0x00 0x00 0x00 0x00];PDO4_T;9;-;-;Transmit PDO4
734;208520,000;0x0709;1;;ERR_CTRL;9;-;-;Node-Guarding Request (RTR)
735;208520,000;0x0709;1;[0x05];ERR_CTRL;9;-;-;Heartbeat: Operational (1000.0 ms)
736;208650,000;0x0703;1;[0x05];ERR_CTRL;3;-;-;Heartbeat: Operational (2500.0 ms)
737;208650,000;0x0183;8;[0x00 0x00 0x00 0x00 0x00 0x00 0x00 0x00];PDO1_T;3;-;-;Transmit PDO1
738;208650,000;0x0283;8;[0x09 0x32 0x09 0x32 0x00 0x00 0x00 0x00];PDO2_T;3;-;-;Transmit PDO2
739;208650,000;0x0383;8;[0x00 0x00 0x00 0x00 0x00 0x00 0x00 0x00];PDO3_T;3;-;-;Transmit PDO3
740;208650,000;0x0483;8;[0x00 0x00 0x00 0x00 0x00 0x00 0x00 0x00];PDO4_T;3;-;-;Transmit PDO4
741;209480,000;0x0289;8;[0xbf 0x01 0xff 0x03 0x8b 0x00 0x23 0x00];PDO2_T;9;-;-;Transmit PDO2
742;209480,000;0x0389;8;[0x84 0x01 0x40 0x00 0x23 0x00 0x23 0x00];PDO3_T;9;-;-;Transmit PDO3
743;209520,000;0x0709;1;;ERR_CTRL;9;-;-;Node-Guarding Request (RTR)
744;209520,000;0x0709;1;[0x85];ERR_CTRL;9;-;-;Heartbeat: Operational (1000.0 ms)
745;209650,000;0x0183;8;[0x00 0x00 0x00 0x00 0x00 0x00 0x00 0x00];PDO1_T;3;-;-;Transmit PDO1
746;209650,000;0x0283;8;[0x09 0x32 0x09 0x32 0x00 0x00 0x00 0x00];PDO2_T;3;-;-;Transmit PDO2
747;209650,000;0x0383;8;[0x00 0x00 0x00 0x00 0x00 0x00 0x00 0x00];PDO3_T;3;-;-;Transmit PDO3
748;209650,000;0x0483;8;[0x00 0x00 0x00 0x00 0x00 0x00 0x00 0x00];PDO4_T;3;-;-;Transmit PDO4
749;210520,000;0x0709;1;;ERR_CTRL;9;-;-;Node-Guarding Request (RTR)
750;210520,000;0x0709;1;[0x05];ERR_CTRL;9;-;-;Heartbeat: Operational (1000.0 ms)
751;210650,000;0x0183;8;[0x00 0x00 0x00 0x00 0x00 0x00 0x00 0x00];PDO1_T;3;-;-;Transmit PDO1
752;210650,000;0x0283;8;[0x09 0x32 0x09 0x32 0x00 0x00 0x00 0x00];PDO2_T;3;-;-;Transmit PDO2
753;210650,000;0x0383;8;[0x00 0x00 0x00 0x00 0x00 0x00 0x00 0x00];PDO3_T;3;-;-;Transmit PDO3
754;210650,000;0x0483;8;[0x00 0x00 0x00 0x00 0x00 0x00 0x00 0x00];PDO4_T;3;-;-;Transmit PDO4
755;210920,000;0x0701;1;[0x05];ERR_CTRL;1;-;-;Heartbeat: Operational (2490.0 ms)
756;211140,000;0x0703;1;[0x05];ERR_CTRL;3;-;-;Heartbeat: Operational (2490.0 ms)
757;211480,000;0x0389;8;[0xa0 0x01 0x43 0x00 0x23 0x00 0x23 0x00];PDO3_T;9;-;-;Transmit PDO3
758;211520,000;0x0709;1;;ERR_CTRL;9;-;-;Node-Guarding Request (RTR)
759;211520,000;0x0709;1;[0x85];ERR_CTRL;9;-;-;Heartbeat: Operational (1000.0 ms)
760;211640,000;0x0183;8;[0x00 0x00 0x00 0x00 0x00 0x00 0x00 0x00];PDO1_T;3;-;-;Transmit PDO1
761;211650,000;0x0283;8;[0x09 0x32 0x09 0x32 0x00 0x00 0x00 0x00];PDO2_T;3;-;-;Transmit PDO2
762;211650,000;0x0383;8;[0x00 0x00 0x00 0x00 0x00 0x00 0x00 0x00];PDO3_T;3;-;-;Transmit PDO3
763;211650,000;0x0483;8;[0x00 0x00 0x00 0x00 0x00 0x00 0x00 0x00];PDO4_T;3;-;-;Transmit PDO4
764;212480,000;0x0289;8;[0xbf 0x01 0xff 0x03 0x8b 0x00 0x22 0x00];PDO2_T;9;-;-;Transmit PDO2
765;212480,000;0x0389;8;[0xbc 0x01 0x45 0x00 0x23 0x00 0x23 0x00];PDO3_T;9;-;-;Transmit PDO3
766;212510,000;0x0709;1;;ERR_CTRL;9;-;-;Node-Guarding Request (RTR)
767;212510,000;0x0709;1;[0x05];ERR_CTRL;9;-;-;Heartbeat: Operational (990.0 ms)
768;212640,000;0x0183;8;[0x00 0x00 0x00 0x00 0x00 0x00 0x00 0x00];PDO1_T;3;-;-;Transmit PDO1
769;212640,000;0x0283;8;[0x09 0x32 0x09 0x32 0x00 0x00 0x00 0x00];PDO2_T;3;-;-;Transmit PDO2
770;212640,000;0x0383;8;[0x00 0x00 0x00 0x00 0x00 0x00 0x00 0x00];PDO3_T;3;-;-;Transmit PDO3
771;212640,000;0x0483;8;[0x00 0x00 0x00 0x00 0x00 0x00 0x00 0x00];PDO4_T;3;-;-;Transmit PDO4
772;213420,000;0x0701;1;[0x05];ERR_CTRL;1;-;-;Heartbeat: Operational (2500.0 ms)
773;213510,000;0x0709;1;;ERR_CTRL;9;-;-;Node-Guarding Request (RTR)
774;213510,000;0x0709;1;[0x85];ERR_CTRL;9;-;-;Heartbeat: Operational (1000.0 ms)
775;213640,000;0x0703;1;[0x05];ERR_CTRL;3;-;-;Heartbeat: Operational (2500.0 ms)
776;213640,000;0x0183;8;[0x00 0x00 0x00 0x00 0x00 0x00 0x00 0x00];PDO1_T;3;-;-;Transmit PDO1
777;213640,000;0x0283;8;[0x09 0x32 0x09 0x32 0x00 0x00 0x00 0x00];PDO2_T;3;-;-;Transmit PDO2
778;213640,000;0x0383;8;[0x00 0x00 0x00 0x00 0x00 0x00 0x00 0x00];PDO3_T;3;-;-;Transmit PDO3
779;213640,000;0x0483;8;[0x00 0x00 0x00 0x00 0x00 0x00 0x00 0x00];PDO4_T;3;-;-;Transmit PDO4
780;214480,000;0x0289;8;[0xbf 0x01 0xff 0x03 0x8b 0x00 0x23 0x00];PDO2_T;9;-;-;Transmit PDO2
781;214480,000;0x0389;8;[0xd8 0x01 0x49 0x00 0x23 0x00 0x23 0x00];PDO3_T;9;-;-;Transmit PDO3
